track_id,track_name,track_preview,album_id,,
2d8JP84HNLKhmd6IYOoupQ,Trap Queen,https://p.scdn.co/mp3-preview/bb80bc456e2de9dc8340862fce79addd6b008fe4?cid=c0ef6b3167de4affb312e7fc7366abb4,2gKQvajkEEaDtkqJ8FJ4uw,,
5V5GpAKuuep9cH2uy9s4CN,How We Do Things (feat. Monty),https://p.scdn.co/mp3-preview/33dc81d13962ef1e978f33645e47532e7d78bc04?cid=c0ef6b3167de4affb312e7fc7366abb4,2gKQvajkEEaDtkqJ8FJ4uw,,
0w3Q3VFdrYzo24QUIGnBNy,679 (feat. Monty),https://p.scdn.co/mp3-preview/d3d2631ec3deaf11c9402cb825c0444bae091211?cid=c0ef6b3167de4affb312e7fc7366abb4,2gKQvajkEEaDtkqJ8FJ4uw,,
0W1OeXDPntUH0BeyJtE9UM,Jugg (feat. Monty),https://p.scdn.co/mp3-preview/2db4bcd39186ed611b7a3f42eb53c6c0dbcfe1ca?cid=c0ef6b3167de4affb312e7fc7366abb4,2gKQvajkEEaDtkqJ8FJ4uw,,
4xepGpmo2kv2PgRCrkWoCN,Trap Luv,https://p.scdn.co/mp3-preview/7bdfc67cf9a77de74e237d38b26fc58c7c20abd5?cid=c0ef6b3167de4affb312e7fc7366abb4,2gKQvajkEEaDtkqJ8FJ4uw,,
0LiteLBEA32FDQ86YZDUgA,I Wonder,https://p.scdn.co/mp3-preview/192fd7f40c8d3089be1e3394dc039bc815b47a81?cid=c0ef6b3167de4affb312e7fc7366abb4,2gKQvajkEEaDtkqJ8FJ4uw,,
3ESSGgWzRf1xvP7G5hHMhB,Again,https://p.scdn.co/mp3-preview/3a0a6348df29152cbc03a95d162fbbfca77d321f?cid=c0ef6b3167de4affb312e7fc7366abb4,2gKQvajkEEaDtkqJ8FJ4uw,,
1WoOzgvz6CgH4pX6a1RKGp,My Way (feat. Monty),https://p.scdn.co/mp3-preview/018054e25245ef5fd9abda538a6b73ffcb8bd0bf?cid=c0ef6b3167de4affb312e7fc7366abb4,2gKQvajkEEaDtkqJ8FJ4uw,,
4STnruOS34o1TIMxi9p6KF,Time (feat. Monty),https://p.scdn.co/mp3-preview/f15cb4442a51185f0d1f27e2cc7fc97f014c9357?cid=c0ef6b3167de4affb312e7fc7366abb4,2gKQvajkEEaDtkqJ8FJ4uw,,
2WB4Iip3WXoQPt940zkAAj,Boomin,https://p.scdn.co/mp3-preview/4630399a72ba8914d65a9f58118ebaf8707be8eb?cid=c0ef6b3167de4affb312e7fc7366abb4,2gKQvajkEEaDtkqJ8FJ4uw,,
1iuljeYz6ZG3GTJOZZkoer,RGF Island,https://p.scdn.co/mp3-preview/d8603cea060896f120d63fe35aa40b43c0522783?cid=c0ef6b3167de4affb312e7fc7366abb4,2gKQvajkEEaDtkqJ8FJ4uw,,
1QsILO369FaBdl6V9YNFGl,D.A.M.,https://p.scdn.co/mp3-preview/a45ea9560628b87717a3016d8c5d0b9ac2ef22a4?cid=c0ef6b3167de4affb312e7fc7366abb4,2gKQvajkEEaDtkqJ8FJ4uw,,
3wr2fJ91iGjZlrcDLJ6bYp,No Days Off (feat. Monty),https://p.scdn.co/mp3-preview/8fe1f2fe4ecbb86336a720c1a2d656ca24260662?cid=c0ef6b3167de4affb312e7fc7366abb4,2gKQvajkEEaDtkqJ8FJ4uw,,
1Rue04MVaTGF5hPWHcAHIC,I'm Straight,https://p.scdn.co/mp3-preview/7be24b623f87754c5e6d942bd11222e311f0f25b?cid=c0ef6b3167de4affb312e7fc7366abb4,2gKQvajkEEaDtkqJ8FJ4uw,,
7oLQkZscMC02VZysLkC55T,Couple Bands,https://p.scdn.co/mp3-preview/b0aa59745328a7a5277b02fd08e46d3c8a021955?cid=c0ef6b3167de4affb312e7fc7366abb4,2gKQvajkEEaDtkqJ8FJ4uw,,
1MZXUaUI0Dre17fdCFjDC3,Rock My Chain (feat. M80),https://p.scdn.co/mp3-preview/7d2578310a770f5e1d1aab68e6d934f54270664f?cid=c0ef6b3167de4affb312e7fc7366abb4,2gKQvajkEEaDtkqJ8FJ4uw,,
3ETQmUSbMuf1HiPOO0L08A,Rewind (feat. Monty),https://p.scdn.co/mp3-preview/37943c633256792eee403aaa43629f72c6007517?cid=c0ef6b3167de4affb312e7fc7366abb4,2gKQvajkEEaDtkqJ8FJ4uw,,
1VYDjz8U0cak2ZQdaPh6qJ,Let It Bang,https://p.scdn.co/mp3-preview/f9e2fe4a031d80dbcdde9838de3a3a1263364276?cid=c0ef6b3167de4affb312e7fc7366abb4,2gKQvajkEEaDtkqJ8FJ4uw,,
5T6B8Xe5xWbcytXUzEZXGK,For My Team (feat. Monty),https://p.scdn.co/mp3-preview/5988c2a24868b50039d5165f41ba3685bd4f63c3?cid=c0ef6b3167de4affb312e7fc7366abb4,2gKQvajkEEaDtkqJ8FJ4uw,,
4ftnxHsCH6HF5GWTLCoTGQ,Whateva (feat. Monty),https://p.scdn.co/mp3-preview/a86585fa161b4a00bcfaa51d6436296e4fa47e4b?cid=c0ef6b3167de4affb312e7fc7366abb4,2gKQvajkEEaDtkqJ8FJ4uw,,
7ovUcF5uHTBRzUpB6ZOmvt,     ? ,https://p.scdn.co/mp3-preview/3cf6efcc13a380485fa20fda1602b8ad4e3f0b0c?cid=c0ef6b3167de4affb312e7fc7366abb4,7yMkS4NCpG0FH6NoaH3F0a,,
2CbGuO0LtVvbh3umN3mDwM,Nan-Nan,,1OojCidx0eoPKch2M0Kz31,,
1JRNrJKTQhfvxII8kkIcAQ,Mo-Eh-Wa,,1OojCidx0eoPKch2M0Kz31,,
57u1FaZlztApkcT5x5XNuD,YASASHISA,,1OojCidx0eoPKch2M0Kz31,,
7i5pytF8KaId51lIzatwdg,Kiri Ga Naikara,,1OojCidx0eoPKch2M0Kz31,,
7r9v0CLTunOwlbvdOFFgZo,Tsumi No Kaori,,1OojCidx0eoPKch2M0Kz31,,
74Zrps4gc3qTF49oKpm6zF,Cho Si Noccha Te,,1OojCidx0eoPKch2M0Kz31,,
6AJppuCk5EE86paOdDI4yL,Tokuninai,,1OojCidx0eoPKch2M0Kz31,,
0o9zmvc5f3EFApU52PPIyW,Shinunoga E-Wa,,1OojCidx0eoPKch2M0Kz31,,
5cpOWNmI84MuUCeciETO64,Kazeyo,,1OojCidx0eoPKch2M0Kz31,,
6BhO28xuLVeaWKVnd1lbCJ,SAYONARA Baby,,1OojCidx0eoPKch2M0Kz31,,
26e8ujjSpBAHhIY2ymLUT1,Kaerou,,1OojCidx0eoPKch2M0Kz31,,
3khEEPRyBeOUabbmOPJzAG,KICK BACK,https://p.scdn.co/mp3-preview/003a7a062f469db238cf5206626f08f3263c68e6?cid=c0ef6b3167de4affb312e7fc7366abb4,6RH1fEIz8HVXregzz5Xp2B,,
5NQbUaeTEOGdD6hHcre0dZ,679 (feat. Remy Boyz),https://p.scdn.co/mp3-preview/a5e4cc1818969ad61ef99074c0dc821493b16b46?cid=c0ef6b3167de4affb312e7fc7366abb4,0TyDTzG2zt2tg0wONT9wSU,,
0GWNtMohuYUEHVZ40tcnHF,SPECIALZ,https://p.scdn.co/mp3-preview/82e442871e6afd7efa4410ca735b3b13644f5184?cid=c0ef6b3167de4affb312e7fc7366abb4,16Wxo6FKPXPzU9IApZfdlc,,
1zNXF2svmdlNxfS5XeNUgr,Don't Know Why,,3ArSFkv4OQOosOvYTrZNIl,,
3oBsEd0mQKKge4HSSt5yV8,Seven Years,,3ArSFkv4OQOosOvYTrZNIl,,
4cOtcRXI3a2v1gEsI1Meeo,Cold Cold Heart,,3ArSFkv4OQOosOvYTrZNIl,,
57Uj1R74XAM4cSkgSWgAF7,Feelin' The Same Way,,3ArSFkv4OQOosOvYTrZNIl,,
6jGnykaS6TkWp15utXSAeI,Come Away With Me,,3ArSFkv4OQOosOvYTrZNIl,,
6Ji1sHZczmntLaTrQa1uLg,Shoot The Moon,,3ArSFkv4OQOosOvYTrZNIl,,
1qzHqfvKrZWo6dVHM1dXrj,Turn Me On,,3ArSFkv4OQOosOvYTrZNIl,,
2ZkMAgbPbyjvLGesNMsAi7,Lonestar,,3ArSFkv4OQOosOvYTrZNIl,,
15UqRQqmOTK7DzzA235r3e,I've Got To See You Again,,3ArSFkv4OQOosOvYTrZNIl,,
4Zd7V4DsYsa2TwBWus5sCM,Painter Song,,3ArSFkv4OQOosOvYTrZNIl,,
19o4ndOJPZoIixFDMfi8C0,One Flight Down,,3ArSFkv4OQOosOvYTrZNIl,,
7zEnKQaNBcuOSsUZdRnPZM,Nightingale,,3ArSFkv4OQOosOvYTrZNIl,,
2V473qE28Ky0ixp2qc7dgz,The Long Day Is Over,,3ArSFkv4OQOosOvYTrZNIl,,
3HuLpW8NmFFO5GKY8andY2,The Nearness Of You,,3ArSFkv4OQOosOvYTrZNIl,,
24mo3C5GuVTfoL8vedPMqL,Spring Can Really Hang You Up The Most - Demo,,3ArSFkv4OQOosOvYTrZNIl,,
4k4gWXYWlEgSQUacnOsVOo,Walkin' My Baby Back Home - Demo,,3ArSFkv4OQOosOvYTrZNIl,,
25BcIcGR7MaOEJ13hqJ5gV,World Of Trouble - Demo,,3ArSFkv4OQOosOvYTrZNIl,,
2is3oJ3XSRa4wUbZjthnRe,The Only Time - First Sessions Outtake,,3ArSFkv4OQOosOvYTrZNIl,,
4whxuTsTgkAaFWBTcR7iQX,I Didn't Know About You - First Sessions Outtake,,3ArSFkv4OQOosOvYTrZNIl,,
5H76bh5K4OFk5E1tlsXKP8,Something Is Calling You - First Sessions Outtake / Tabla Version,,3ArSFkv4OQOosOvYTrZNIl,,
37cRAssY5trDl9j1l6A56n,Just Like A Dream Today - First Sessions Outtake,,3ArSFkv4OQOosOvYTrZNIl,,
63PCpl3dCvQHrybBpciWZ0,When Sunny Gets Blue - First Sessions Outtake,,3ArSFkv4OQOosOvYTrZNIl,,
15DYTTO3n6aKf6ptpIcCAR,What Am I To You - First Sessions Outtake,,3ArSFkv4OQOosOvYTrZNIl,,
1QLBKel4BFnZIk6VTQiiqY,"Hallelujah, I Love Him So - First Sessions Outtake",,3ArSFkv4OQOosOvYTrZNIl,,
6FgVde4fAxfYuE4pTI5FJ7,Day Dream - First Sessions Outtake,,3ArSFkv4OQOosOvYTrZNIl,,
7wcMDBp3SwDFqA2ypsZOql,Don't Know Why - First Sessions Demo,,3ArSFkv4OQOosOvYTrZNIl,,
6wbvuaX310tEGa5YnDfvrZ,Come Away With Me - First Sessions Demo,,3ArSFkv4OQOosOvYTrZNIl,,
7fDF3w1iHHTIGLoiicT0YI,Something Is Calling You - First Sessions Demo,,3ArSFkv4OQOosOvYTrZNIl,,
4cQsLnEyRdXUMeyKd64L1P,Turn Me On - First Sessions Demo,,3ArSFkv4OQOosOvYTrZNIl,,
0EZhN101tNagamUzsKATwO,Lonestar - First Sessions Demo,,3ArSFkv4OQOosOvYTrZNIl,,
2FJKQdIBrHf89QIrPuSmoo,Peace - First Sessions Demo,,3ArSFkv4OQOosOvYTrZNIl,,
7ceSE8oIDnbxNxqz96zOrN,I'll Be Your Baby Tonight,,3ArSFkv4OQOosOvYTrZNIl,,
2aB2FlRLWGzB7OVkZSkO1I,I've Got To See You Again - Alternate Version ? The Allaire Sessions,,3ArSFkv4OQOosOvYTrZNIl,,
42oRnhujIPH0uFu0vMTk4a,What Would I Do,,3ArSFkv4OQOosOvYTrZNIl,,
4yaoi2yin0n9WHaGFPcszQ,Come Away With Me - Alternate Version,,3ArSFkv4OQOosOvYTrZNIl,,
1GCYbTsxaEZDpkLyEi4eEy,Picture In A Frame - Alternate Mix - The Allaire Sessions,,3ArSFkv4OQOosOvYTrZNIl,,
6tGYLJ9CeJNXK1VG2zUXcn,Nightingale - Alternate Version ? The Allaire Sessions,,3ArSFkv4OQOosOvYTrZNIl,,
08D7UtYnMsUfhXetHntw6C,Peace - Alternate Version ? The Allaire Sessions,,3ArSFkv4OQOosOvYTrZNIl,,
6u9se77X6undCFRV4Zy013,What Am I To You - Alternate Version ? The Allaire Sessions,,3ArSFkv4OQOosOvYTrZNIl,,
5WYknefatAUM4DlE491TEo,Painter Song - Alternate Version ? The Allaire Sessions,,3ArSFkv4OQOosOvYTrZNIl,,
3VaAlw3WsBDAjvHbqR3wUY,Turn Me On - Alternate Version ? The Allaire Sessions,,3ArSFkv4OQOosOvYTrZNIl,,
3ErDX5XACrU3Hqeeb8qD0n,A Little At A Time,,3ArSFkv4OQOosOvYTrZNIl,,
1MA7Ass8dizQznjVuoIWSd,One Flight Down - Alternate Version ? The Allaire Sessions,,3ArSFkv4OQOosOvYTrZNIl,,
6WwcO0vk75oNCWkIBMwT88,Fragile,,3ArSFkv4OQOosOvYTrZNIl,,
3I09LQbHS3NSU46Ly3tPpR,Feeling Good,https://p.scdn.co/mp3-preview/08eb4b4d6a7f769140c2bf10351994a3dfc3b85e?cid=c0ef6b3167de4affb312e7fc7366abb4,2koUTBXkwUt2uJYv0uezHx,,
2YaDdaM7JTVqEPUSy9wAPh,A Foggy Day (In London Town),https://p.scdn.co/mp3-preview/4c9845ab94801f233732111d5eacd9e7f7c24f85?cid=c0ef6b3167de4affb312e7fc7366abb4,2koUTBXkwUt2uJYv0uezHx,,
2oqZBBjKNMfl9sdhnvCYgB,You Don't Know Me,https://p.scdn.co/mp3-preview/f2b41c8103c8272f80f21e9c5d62e5656a9ed81e?cid=c0ef6b3167de4affb312e7fc7366abb4,2koUTBXkwUt2uJYv0uezHx,,
2m2neHY8NvToPYO1H0XCkq,"Quando, Quando, Quando (with Nelly Furtado)",https://p.scdn.co/mp3-preview/0ebefcb7d450d61bb63385b458b64b484217129d?cid=c0ef6b3167de4affb312e7fc7366abb4,2koUTBXkwUt2uJYv0uezHx,,
4wLZ4zPM9c4oe1VV8ejdWV,Home,https://p.scdn.co/mp3-preview/07d87ee0985a6ff28152775f2f364c3d32d42059?cid=c0ef6b3167de4affb312e7fc7366abb4,2koUTBXkwUt2uJYv0uezHx,,
242x0kB2MzkyihRPUWCzAN,Can't Buy Me Love,https://p.scdn.co/mp3-preview/17a2034dbb4f379a1127196fc61ae64463336d60?cid=c0ef6b3167de4affb312e7fc7366abb4,2koUTBXkwUt2uJYv0uezHx,,
2e4FBygHA19B233VpRmEMC,The More I See You,https://p.scdn.co/mp3-preview/d0a84c46a717abc7ae0fab1d9c2db17d303fd277?cid=c0ef6b3167de4affb312e7fc7366abb4,2koUTBXkwUt2uJYv0uezHx,,
1NnBOnFPFdYJdauawQt5bN,Save the Last Dance for Me,https://p.scdn.co/mp3-preview/e220c05eee639b69ba05055d0c279120006e14b6?cid=c0ef6b3167de4affb312e7fc7366abb4,2koUTBXkwUt2uJYv0uezHx,,
06SUI39R57c9Jm3l3r6Iyo,Try a Little Tenderness,https://p.scdn.co/mp3-preview/016ccea4fe86292d7056b2c307401f69a9de0453?cid=c0ef6b3167de4affb312e7fc7366abb4,2koUTBXkwUt2uJYv0uezHx,,
04XRimcx9QuSrtUvWpdkmS,How Sweet It Is,https://p.scdn.co/mp3-preview/62a35629c4fdeed55e85680216b8651ed1ab31a7?cid=c0ef6b3167de4affb312e7fc7366abb4,2koUTBXkwUt2uJYv0uezHx,,
3axj7Y0XGbrS6PQ2pXFwvC,A Song for You (feat. Chris Botti),https://p.scdn.co/mp3-preview/e4596706568db2ad8b4184aead6ce615acc938e9?cid=c0ef6b3167de4affb312e7fc7366abb4,2koUTBXkwUt2uJYv0uezHx,,
36iZr5SC8qowAel5GaZSgz,I've Got You Under My Skin,https://p.scdn.co/mp3-preview/23ec1af50ba4e63426cafe1e0b9bf7246ebd9c2e?cid=c0ef6b3167de4affb312e7fc7366abb4,2koUTBXkwUt2uJYv0uezHx,,
4t5ZKs0xMESWicljP2uBEl,You and I,https://p.scdn.co/mp3-preview/604f5f3fb7388545cc91a2ca8207163c1413a0cf?cid=c0ef6b3167de4affb312e7fc7366abb4,2koUTBXkwUt2uJYv0uezHx,,
6uQKuonTU8VKBz5SHZuQXD,This Is How We Do It,,4GZFWGyRE8SfRw8wEu3WoL,,
2LXeLBAx6MgyY6qij61ast,This Is How We Do It - Instrumental,,4GZFWGyRE8SfRw8wEu3WoL,,
7nKe5iDfC0OzCQIz5ZzOTx,I Wanna,,4GZFWGyRE8SfRw8wEu3WoL,,
2kfofu1mHbxN4pFhkKYiRV,This Is How We Do It - Acapella,,4GZFWGyRE8SfRw8wEu3WoL,,
1zNXF2svmdlNxfS5XeNUgr,Don't Know Why,,3ArSFkv4OQOosOvYTrZNIl,,
3oBsEd0mQKKge4HSSt5yV8,Seven Years,,3ArSFkv4OQOosOvYTrZNIl,,
4cOtcRXI3a2v1gEsI1Meeo,Cold Cold Heart,,3ArSFkv4OQOosOvYTrZNIl,,
57Uj1R74XAM4cSkgSWgAF7,Feelin' The Same Way,,3ArSFkv4OQOosOvYTrZNIl,,
6jGnykaS6TkWp15utXSAeI,Come Away With Me,,3ArSFkv4OQOosOvYTrZNIl,,
6Ji1sHZczmntLaTrQa1uLg,Shoot The Moon,,3ArSFkv4OQOosOvYTrZNIl,,
1qzHqfvKrZWo6dVHM1dXrj,Turn Me On,,3ArSFkv4OQOosOvYTrZNIl,,
2ZkMAgbPbyjvLGesNMsAi7,Lonestar,,3ArSFkv4OQOosOvYTrZNIl,,
15UqRQqmOTK7DzzA235r3e,I've Got To See You Again,,3ArSFkv4OQOosOvYTrZNIl,,
4Zd7V4DsYsa2TwBWus5sCM,Painter Song,,3ArSFkv4OQOosOvYTrZNIl,,
19o4ndOJPZoIixFDMfi8C0,One Flight Down,,3ArSFkv4OQOosOvYTrZNIl,,
7zEnKQaNBcuOSsUZdRnPZM,Nightingale,,3ArSFkv4OQOosOvYTrZNIl,,
2V473qE28Ky0ixp2qc7dgz,The Long Day Is Over,,3ArSFkv4OQOosOvYTrZNIl,,
3HuLpW8NmFFO5GKY8andY2,The Nearness Of You,,3ArSFkv4OQOosOvYTrZNIl,,
24mo3C5GuVTfoL8vedPMqL,Spring Can Really Hang You Up The Most - Demo,,3ArSFkv4OQOosOvYTrZNIl,,
4k4gWXYWlEgSQUacnOsVOo,Walkin' My Baby Back Home - Demo,,3ArSFkv4OQOosOvYTrZNIl,,
25BcIcGR7MaOEJ13hqJ5gV,World Of Trouble - Demo,,3ArSFkv4OQOosOvYTrZNIl,,
2is3oJ3XSRa4wUbZjthnRe,The Only Time - First Sessions Outtake,,3ArSFkv4OQOosOvYTrZNIl,,
4whxuTsTgkAaFWBTcR7iQX,I Didn't Know About You - First Sessions Outtake,,3ArSFkv4OQOosOvYTrZNIl,,
5H76bh5K4OFk5E1tlsXKP8,Something Is Calling You - First Sessions Outtake / Tabla Version,,3ArSFkv4OQOosOvYTrZNIl,,
37cRAssY5trDl9j1l6A56n,Just Like A Dream Today - First Sessions Outtake,,3ArSFkv4OQOosOvYTrZNIl,,
63PCpl3dCvQHrybBpciWZ0,When Sunny Gets Blue - First Sessions Outtake,,3ArSFkv4OQOosOvYTrZNIl,,
15DYTTO3n6aKf6ptpIcCAR,What Am I To You - First Sessions Outtake,,3ArSFkv4OQOosOvYTrZNIl,,
1QLBKel4BFnZIk6VTQiiqY,"Hallelujah, I Love Him So - First Sessions Outtake",,3ArSFkv4OQOosOvYTrZNIl,,
6FgVde4fAxfYuE4pTI5FJ7,Day Dream - First Sessions Outtake,,3ArSFkv4OQOosOvYTrZNIl,,
7wcMDBp3SwDFqA2ypsZOql,Don't Know Why - First Sessions Demo,,3ArSFkv4OQOosOvYTrZNIl,,
6wbvuaX310tEGa5YnDfvrZ,Come Away With Me - First Sessions Demo,,3ArSFkv4OQOosOvYTrZNIl,,
7fDF3w1iHHTIGLoiicT0YI,Something Is Calling You - First Sessions Demo,,3ArSFkv4OQOosOvYTrZNIl,,
4cQsLnEyRdXUMeyKd64L1P,Turn Me On - First Sessions Demo,,3ArSFkv4OQOosOvYTrZNIl,,
0EZhN101tNagamUzsKATwO,Lonestar - First Sessions Demo,,3ArSFkv4OQOosOvYTrZNIl,,
2FJKQdIBrHf89QIrPuSmoo,Peace - First Sessions Demo,,3ArSFkv4OQOosOvYTrZNIl,,
7ceSE8oIDnbxNxqz96zOrN,I'll Be Your Baby Tonight,,3ArSFkv4OQOosOvYTrZNIl,,
2aB2FlRLWGzB7OVkZSkO1I,I've Got To See You Again - Alternate Version ? The Allaire Sessions,,3ArSFkv4OQOosOvYTrZNIl,,
42oRnhujIPH0uFu0vMTk4a,What Would I Do,,3ArSFkv4OQOosOvYTrZNIl,,
4yaoi2yin0n9WHaGFPcszQ,Come Away With Me - Alternate Version,,3ArSFkv4OQOosOvYTrZNIl,,
1GCYbTsxaEZDpkLyEi4eEy,Picture In A Frame - Alternate Mix - The Allaire Sessions,,3ArSFkv4OQOosOvYTrZNIl,,
6tGYLJ9CeJNXK1VG2zUXcn,Nightingale - Alternate Version ? The Allaire Sessions,,3ArSFkv4OQOosOvYTrZNIl,,
08D7UtYnMsUfhXetHntw6C,Peace - Alternate Version ? The Allaire Sessions,,3ArSFkv4OQOosOvYTrZNIl,,
6u9se77X6undCFRV4Zy013,What Am I To You - Alternate Version ? The Allaire Sessions,,3ArSFkv4OQOosOvYTrZNIl,,
5WYknefatAUM4DlE491TEo,Painter Song - Alternate Version ? The Allaire Sessions,,3ArSFkv4OQOosOvYTrZNIl,,
3VaAlw3WsBDAjvHbqR3wUY,Turn Me On - Alternate Version ? The Allaire Sessions,,3ArSFkv4OQOosOvYTrZNIl,,
3ErDX5XACrU3Hqeeb8qD0n,A Little At A Time,,3ArSFkv4OQOosOvYTrZNIl,,
1MA7Ass8dizQznjVuoIWSd,One Flight Down - Alternate Version ? The Allaire Sessions,,3ArSFkv4OQOosOvYTrZNIl,,
6WwcO0vk75oNCWkIBMwT88,Fragile,,3ArSFkv4OQOosOvYTrZNIl,,
17Syv0SV6ThWwgZM3umr1E,Fever,https://p.scdn.co/mp3-preview/ddcced6831e4d3eec214505c9f69fbc21cb137a6?cid=c0ef6b3167de4affb312e7fc7366abb4,3rpSksJSFdNFqk5vne8at2,,
25Yzff59UGjz7wNWmjM39h,Moondance,https://p.scdn.co/mp3-preview/b0fc6e6f0fb3c5e0e1036580f797690cefbf99b5?cid=c0ef6b3167de4affb312e7fc7366abb4,3rpSksJSFdNFqk5vne8at2,,
2gXTiVrPqj5ys67xrOXZCs,Kissing a Fool,https://p.scdn.co/mp3-preview/a1fb821684b2e2cff96de811772a6913fab4ce29?cid=c0ef6b3167de4affb312e7fc7366abb4,3rpSksJSFdNFqk5vne8at2,,
0aei3EH5p7mzipPPAXxpzq,For Once in My Life,https://p.scdn.co/mp3-preview/2d13baff993f07be53a55ba685c6f1f990e3350f?cid=c0ef6b3167de4affb312e7fc7366abb4,3rpSksJSFdNFqk5vne8at2,,
4NcqyXdFr8bedOS98PKyNt,How Can You Mend a Broken Heart,https://p.scdn.co/mp3-preview/88873374c3b97ab7a1e2f10a3e06e9309d6173f8?cid=c0ef6b3167de4affb312e7fc7366abb4,3rpSksJSFdNFqk5vne8at2,,
2UUtUej7C4JPc1WTfTM7nU,Summer Wind,https://p.scdn.co/mp3-preview/fa79a188f6d79a6e395d2c82ac16e1cf159767fa?cid=c0ef6b3167de4affb312e7fc7366abb4,3rpSksJSFdNFqk5vne8at2,,
0xPR2JJnSsHc3Ju7amTjOK,You'll Never Find Another Love like Mine,https://p.scdn.co/mp3-preview/66c130905188dcee95effa38ca91806aff1d3a11?cid=c0ef6b3167de4affb312e7fc7366abb4,3rpSksJSFdNFqk5vne8at2,,
1RYzDEcBam49OzcAP9YvdX,Crazy Little Thing Called Love,https://p.scdn.co/mp3-preview/dec18c3ab0e9e932323e6afba926ad61d7367e44?cid=c0ef6b3167de4affb312e7fc7366abb4,3rpSksJSFdNFqk5vne8at2,,
5r8cnleYmzVjuLzVRQXqbW,Put Your Head on My Shoulder,https://p.scdn.co/mp3-preview/6551e90229afb05bdcc8bb7a5d118a81a4bac95a?cid=c0ef6b3167de4affb312e7fc7366abb4,3rpSksJSFdNFqk5vne8at2,,
2ajUl8lBLAXOXNpG4NEPMz,Sway,https://p.scdn.co/mp3-preview/39732c76bb3185ef06d76b5b521326ca5750bf0c?cid=c0ef6b3167de4affb312e7fc7366abb4,3rpSksJSFdNFqk5vne8at2,,
4YGlRLe6TeBRiXFByBqldf,The Way You Look Tonight,https://p.scdn.co/mp3-preview/cf7c31071ceaed7a7836731d72f61fbb02db2d67?cid=c0ef6b3167de4affb312e7fc7366abb4,3rpSksJSFdNFqk5vne8at2,,
2Cakl6tRkLxccrnqJdvGpu,Come Fly with Me,https://p.scdn.co/mp3-preview/95ce64934c0b691069ec96432c4347e80253a265?cid=c0ef6b3167de4affb312e7fc7366abb4,3rpSksJSFdNFqk5vne8at2,,
29LTZ2Hs6t2pAvQCLDREvo,That's All,https://p.scdn.co/mp3-preview/794c2412bf8db7a0faa56eadcf3666b7296b1f02?cid=c0ef6b3167de4affb312e7fc7366abb4,3rpSksJSFdNFqk5vne8at2,,
5Avril3IZ26DPVFHbJX8o6,Seven (feat. Latto) (Clean Ver.),https://p.scdn.co/mp3-preview/dd8dfb2769c5dd2f01a920adb468d8de5e28a329?cid=c0ef6b3167de4affb312e7fc7366abb4,53985D8g3JcGBoULSOYYKX,,
7x9aauaA9cu6tyfpHnqDLo,Seven (feat. Latto) (Explicit Ver.),https://p.scdn.co/mp3-preview/2f2b3f4eaf405ac3ba9792456cec93ae88942cfc?cid=c0ef6b3167de4affb312e7fc7366abb4,53985D8g3JcGBoULSOYYKX,,
2D9mO7arRSeHAEHNVAacaA,Seven (feat. Latto) (Instrumental),https://p.scdn.co/mp3-preview/98449a5e3eea6e47d59cfb1cae906f2bcc384979?cid=c0ef6b3167de4affb312e7fc7366abb4,53985D8g3JcGBoULSOYYKX,,
6ehWdR7cGDXnT7aKEASJxE,3D (feat. Jack Harlow),https://p.scdn.co/mp3-preview/74f0838fd4469ac28b5fd6be753eb534e52b4810?cid=c0ef6b3167de4affb312e7fc7366abb4,4DKnznk5VbGVvAOYBbQrZJ,,
02U9EixxU2Znl6ilsr9mrv,3D (feat. Jack Harlow) (Instrumental),https://p.scdn.co/mp3-preview/20117d5acb5dba9c62601d85c37b0c77a408280c?cid=c0ef6b3167de4affb312e7fc7366abb4,4DKnznk5VbGVvAOYBbQrZJ,,
2pLZ6tUBapqlngc9lnYz4M,3D (Alternate Ver.),https://p.scdn.co/mp3-preview/fc749d3868fbbd8bccc908950e5ce109e5c4fecd?cid=c0ef6b3167de4affb312e7fc7366abb4,4DKnznk5VbGVvAOYBbQrZJ,,
3OdIiWnYRHPYtC313Z0Bwy,Face-off,https://p.scdn.co/mp3-preview/31c1250ee72e9730d3394d30d93aae0b3092eed6?cid=c0ef6b3167de4affb312e7fc7366abb4,4xc3Lc9yASZgEJGH7acWMB,,
2qg2jy3v50RwfV5FAqG3a2,Interlude : Dive,https://p.scdn.co/mp3-preview/7fe148ec020933a51c025623ff57cef37202dd76?cid=c0ef6b3167de4affb312e7fc7366abb4,4xc3Lc9yASZgEJGH7acWMB,,
3Ua0m0YmEjrMi9XErKcNiR,Like Crazy,https://p.scdn.co/mp3-preview/2db5f36096963d97afc870c50990d62d27858a43?cid=c0ef6b3167de4affb312e7fc7366abb4,4xc3Lc9yASZgEJGH7acWMB,,
5Hfnps0jaWFpYg55WOPexG,Alone,https://p.scdn.co/mp3-preview/7543fa1f7dfc7fe3a2d7cec64e2d75d617d87421?cid=c0ef6b3167de4affb312e7fc7366abb4,4xc3Lc9yASZgEJGH7acWMB,,
1fpj1CJPxY3YvN3AMAEYvt,Set Me Free Pt.2,https://p.scdn.co/mp3-preview/275a3a0843bb55c251cda45ef17a905dab31624c?cid=c0ef6b3167de4affb312e7fc7366abb4,4xc3Lc9yASZgEJGH7acWMB,,
0u8rZGtXJrLtiSe34FPjGG,Like Crazy (English Version),https://p.scdn.co/mp3-preview/3752bae14d7952abe6f93649d85d53bfe98f1165?cid=c0ef6b3167de4affb312e7fc7366abb4,4xc3Lc9yASZgEJGH7acWMB,,
6rdkCkjk6D12xRpdMXy0I2,New Jeans,https://p.scdn.co/mp3-preview/a37b4269b0dc5e952826d8c43d1b7c072ac39b4c?cid=c0ef6b3167de4affb312e7fc7366abb4,5V729UqvhwNOcMejx0m55I,,
5sdQOyqq2IDhvmx2lHOpwd,Super Shy,https://p.scdn.co/mp3-preview/dab062e2cc708a2680ce84953a3581c5a679a230?cid=c0ef6b3167de4affb312e7fc7366abb4,5V729UqvhwNOcMejx0m55I,,
58BWnoFDNaeM0vwA0K3fqb,Like Crazy,https://p.scdn.co/mp3-preview/2db5f36096963d97afc870c50990d62d27858a43?cid=c0ef6b3167de4affb312e7fc7366abb4,639nejcoHHwxJCKqr35ww2,,
6EY9e6LyPWmL8hUS5E1P0h,Like Crazy (English Version),https://p.scdn.co/mp3-preview/3752bae14d7952abe6f93649d85d53bfe98f1165?cid=c0ef6b3167de4affb312e7fc7366abb4,639nejcoHHwxJCKqr35ww2,,
6D90VTeGEWYX5AkAtjHZh1,Like Crazy (Deep House Remix),https://p.scdn.co/mp3-preview/263754f3996e1118878987159e60e2aacde4056e?cid=c0ef6b3167de4affb312e7fc7366abb4,639nejcoHHwxJCKqr35ww2,,
5tDxLjAnkojfnXnjOk6mvh,Like Crazy (UK Garage Remix),https://p.scdn.co/mp3-preview/4787ab7cb8b240039b2793a9f66fa905c155fd8b?cid=c0ef6b3167de4affb312e7fc7366abb4,639nejcoHHwxJCKqr35ww2,,
0cxhv3PpIkmREXqobuB0zG,Like Crazy (Instrumental),https://p.scdn.co/mp3-preview/789c89167a6d5918a437136f93ef5700cbaa5213?cid=c0ef6b3167de4affb312e7fc7366abb4,639nejcoHHwxJCKqr35ww2,,
5mg3VB3Qh7jcR5kAAC4DSV,Cupid,https://p.scdn.co/mp3-preview/5538072e4c389bac5ba4d90a7f5af2589446969d?cid=c0ef6b3167de4affb312e7fc7366abb4,5letLUZIFsQikJYShfGNs4,,
7FbrGaHYVDmfr7KoLIZnQ7,Cupid - Twin Ver.,https://p.scdn.co/mp3-preview/af5c16d4c69be9b3278e7079d5aab14aa425127b?cid=c0ef6b3167de4affb312e7fc7366abb4,5letLUZIFsQikJYShfGNs4,,
5UwtK1ivT8kvtVmN8886VC,Cupid - Instrumental,https://p.scdn.co/mp3-preview/6bfdf6d9463fe3229ed1e243fc1e58014732cbe1?cid=c0ef6b3167de4affb312e7fc7366abb4,5letLUZIFsQikJYShfGNs4,,
7woEDtme8YkFiWeyiinIjy,New Jeans,https://p.scdn.co/mp3-preview/a37b4269b0dc5e952826d8c43d1b7c072ac39b4c?cid=c0ef6b3167de4affb312e7fc7366abb4,4N1fROq2oeyLGAlQ1C1j18,,
0kwrPQkiGVE8KTHalH1uMo,Super Shy,https://p.scdn.co/mp3-preview/dab062e2cc708a2680ce84953a3581c5a679a230?cid=c0ef6b3167de4affb312e7fc7366abb4,4N1fROq2oeyLGAlQ1C1j18,,
56v8WEnGzLByGsDAXDiv4d,ETA,https://p.scdn.co/mp3-preview/e076cd31805e449dae7d991711df5f2ff920b375?cid=c0ef6b3167de4affb312e7fc7366abb4,4N1fROq2oeyLGAlQ1C1j18,,
02wk5BttM0QL38ERjLPQJB,Cool With You,https://p.scdn.co/mp3-preview/598e05a7fd20278aca5477e1993b252e8fc97daf?cid=c0ef6b3167de4affb312e7fc7366abb4,4N1fROq2oeyLGAlQ1C1j18,,
1wUnuiXMMvhudmzvcCtlZP,Get Up,https://p.scdn.co/mp3-preview/1426c96f964a5318bee74ca95c6cae3e145c6e4c?cid=c0ef6b3167de4affb312e7fc7366abb4,4N1fROq2oeyLGAlQ1C1j18,,
5fpyAakgFOm4YTXkgfPzvV,ASAP,https://p.scdn.co/mp3-preview/6e580649e577986e9f28e7b7c5e7326577bd9605?cid=c0ef6b3167de4affb312e7fc7366abb4,4N1fROq2oeyLGAlQ1C1j18,,
3OdIiWnYRHPYtC313Z0Bwy,Face-off,https://p.scdn.co/mp3-preview/31c1250ee72e9730d3394d30d93aae0b3092eed6?cid=c0ef6b3167de4affb312e7fc7366abb4,4xc3Lc9yASZgEJGH7acWMB,,
2qg2jy3v50RwfV5FAqG3a2,Interlude : Dive,https://p.scdn.co/mp3-preview/7fe148ec020933a51c025623ff57cef37202dd76?cid=c0ef6b3167de4affb312e7fc7366abb4,4xc3Lc9yASZgEJGH7acWMB,,
3Ua0m0YmEjrMi9XErKcNiR,Like Crazy,https://p.scdn.co/mp3-preview/2db5f36096963d97afc870c50990d62d27858a43?cid=c0ef6b3167de4affb312e7fc7366abb4,4xc3Lc9yASZgEJGH7acWMB,,
5Hfnps0jaWFpYg55WOPexG,Alone,https://p.scdn.co/mp3-preview/7543fa1f7dfc7fe3a2d7cec64e2d75d617d87421?cid=c0ef6b3167de4affb312e7fc7366abb4,4xc3Lc9yASZgEJGH7acWMB,,
1fpj1CJPxY3YvN3AMAEYvt,Set Me Free Pt.2,https://p.scdn.co/mp3-preview/275a3a0843bb55c251cda45ef17a905dab31624c?cid=c0ef6b3167de4affb312e7fc7366abb4,4xc3Lc9yASZgEJGH7acWMB,,
0u8rZGtXJrLtiSe34FPjGG,Like Crazy (English Version),https://p.scdn.co/mp3-preview/3752bae14d7952abe6f93649d85d53bfe98f1165?cid=c0ef6b3167de4affb312e7fc7366abb4,4xc3Lc9yASZgEJGH7acWMB,,
65FftemJ1DbbZ45DUfHJXE,OMG,https://p.scdn.co/mp3-preview/b9e344aa96afc45a56df77ca63c78786bdaa0047?cid=c0ef6b3167de4affb312e7fc7366abb4,45ozep8uHHnj5CCittuyXj,,
5702raF31K9rvD6KZ6sCTo,Ditto,https://p.scdn.co/mp3-preview/4f048713ddfa434539dec7c3cb689f3393353edd?cid=c0ef6b3167de4affb312e7fc7366abb4,45ozep8uHHnj5CCittuyXj,,
7woEDtme8YkFiWeyiinIjy,New Jeans,https://p.scdn.co/mp3-preview/a37b4269b0dc5e952826d8c43d1b7c072ac39b4c?cid=c0ef6b3167de4affb312e7fc7366abb4,4N1fROq2oeyLGAlQ1C1j18,,
0kwrPQkiGVE8KTHalH1uMo,Super Shy,https://p.scdn.co/mp3-preview/dab062e2cc708a2680ce84953a3581c5a679a230?cid=c0ef6b3167de4affb312e7fc7366abb4,4N1fROq2oeyLGAlQ1C1j18,,
56v8WEnGzLByGsDAXDiv4d,ETA,https://p.scdn.co/mp3-preview/e076cd31805e449dae7d991711df5f2ff920b375?cid=c0ef6b3167de4affb312e7fc7366abb4,4N1fROq2oeyLGAlQ1C1j18,,
02wk5BttM0QL38ERjLPQJB,Cool With You,https://p.scdn.co/mp3-preview/598e05a7fd20278aca5477e1993b252e8fc97daf?cid=c0ef6b3167de4affb312e7fc7366abb4,4N1fROq2oeyLGAlQ1C1j18,,
1wUnuiXMMvhudmzvcCtlZP,Get Up,https://p.scdn.co/mp3-preview/1426c96f964a5318bee74ca95c6cae3e145c6e4c?cid=c0ef6b3167de4affb312e7fc7366abb4,4N1fROq2oeyLGAlQ1C1j18,,
5fpyAakgFOm4YTXkgfPzvV,ASAP,https://p.scdn.co/mp3-preview/6e580649e577986e9f28e7b7c5e7326577bd9605?cid=c0ef6b3167de4affb312e7fc7366abb4,4N1fROq2oeyLGAlQ1C1j18,,
3r8RuvgbX9s7ammBn07D3W,Ditto,https://p.scdn.co/mp3-preview/4f048713ddfa434539dec7c3cb689f3393353edd?cid=c0ef6b3167de4affb312e7fc7366abb4,7bnqo1fdJU9nSfXQd3bSMe,,
4ltS9OKF5v3bvwCqrB5Fg1,Afraid,,2yboV2QBcVGEhcRlYuPpDT,,
4wH4dJgrsxONID6KS2tDQM,Maneater,,2yboV2QBcVGEhcRlYuPpDT,,
3pmP3hLi7HYOZYCuxZm1aE,Promiscuous Interlude,,2yboV2QBcVGEhcRlYuPpDT,,
2gam98EZKrF9XuOkU13ApN,Promiscuous,,2yboV2QBcVGEhcRlYuPpDT,,
6xAV4s1HRUvwir1e6zimtP,Glow,,2yboV2QBcVGEhcRlYuPpDT,,
5R8j8CYqsZdmyWm10mccHG,Showtime,,2yboV2QBcVGEhcRlYuPpDT,,
4MyiAZ0G0LhwfTfEJxrN8C,No Hay Igual Interlude,,2yboV2QBcVGEhcRlYuPpDT,,
6W5TI43zMynVPc1P1Fgzwr,No Hay Igual,,2yboV2QBcVGEhcRlYuPpDT,,
7fQcHMvGAfvNXFq80n7X23,Te Busque,,2yboV2QBcVGEhcRlYuPpDT,,
2aI21FnmY7TJVKeMaoQZ0t,Say It Right,,2yboV2QBcVGEhcRlYuPpDT,,
2sdXCmHMlKDx7lQdeXTELW,Do It,,2yboV2QBcVGEhcRlYuPpDT,,
0Nd3baD6mxMc4PNW59WXWP,In God's Hands,,2yboV2QBcVGEhcRlYuPpDT,,
1w2VowISQD9Cg78h2Vft3K,Wait For You Interlude,,2yboV2QBcVGEhcRlYuPpDT,,
21PQHLrBFov0x9HaD3ZQ7B,Wait For You,,2yboV2QBcVGEhcRlYuPpDT,,
6kEpjptnAwt11Atr4cEMe1,All Good Things (Come To An End),,2yboV2QBcVGEhcRlYuPpDT,,
5eyzRvcnNMLbF54jdVCM7Z,Let My Hair Down,,2yboV2QBcVGEhcRlYuPpDT,,
2rRQYSgTCkLWFvMXYhEpfE,Somebody To Love,,2yboV2QBcVGEhcRlYuPpDT,,
71pEiUWwfDFiRO6RmFpnBf,MOJAITA,,6ylFfzx32ICw4L1A7YWNLN,,
0uIfrUwwg0Z7KTitul7E3T,YO LE LLEGO,,6ylFfzx32ICw4L1A7YWNLN,,
6SYSu569pfYdkDT9A5lZqi,CUIDAO POR AHI,,6ylFfzx32ICw4L1A7YWNLN,,
25ZAibhr3bdlMCLmubZDVt,QUE PRETENDES,,6ylFfzx32ICw4L1A7YWNLN,,
0fea68AdmYNygeTGI4RC18,LA CANCION,,6ylFfzx32ICw4L1A7YWNLN,,
7hynhxDoDpgMIV12JuVtNa,UN PESO,,6ylFfzx32ICw4L1A7YWNLN,,
7alOsNr36sJ8CyOEP4aILq,ODIO,,6ylFfzx32ICw4L1A7YWNLN,,
7knLcYCOSaURD0d7HUULFM,COMO UN BEBE,,6ylFfzx32ICw4L1A7YWNLN,,
2gi4stMxjTzP10fUaU0U4t,Intro,https://p.scdn.co/mp3-preview/eb8d424ef98f1f538f1a1a009d83cb8946865348?cid=c0ef6b3167de4affb312e7fc7366abb4,4pLuE50wL9T26lSv42X0J2,,
5abAr4zFeIQv1rKCCFsNuN,King Daddy,https://p.scdn.co/mp3-preview/a154108e31341505b8836a39399d7f915ebccac1?cid=c0ef6b3167de4affb312e7fc7366abb4,4pLuE50wL9T26lSv42X0J2,,
2KgIRsdhs1USNd6WsjnrPR,Dale Caliente,https://p.scdn.co/mp3-preview/f939d9327382329cc3d7d4138b8a4d64d4d53f8e?cid=c0ef6b3167de4affb312e7fc7366abb4,4pLuE50wL9T26lSv42X0J2,,
2Ukr1iULFHGSJp0qPhiqc0,No Me Dejes Solo,https://p.scdn.co/mp3-preview/5882a0850af5aa11430b9f49e812dcca459c2e12?cid=c0ef6b3167de4affb312e7fc7366abb4,4pLuE50wL9T26lSv42X0J2,,
228BxWXUYQPJrJYHDLOHkj,Gasolina,https://p.scdn.co/mp3-preview/7c545be6847f3a6b13c4ad9c70d10a34f49a92d3?cid=c0ef6b3167de4affb312e7fc7366abb4,4pLuE50wL9T26lSv42X0J2,,
6oPu9UPFIxPbkwzmM6NLsI,Like You,https://p.scdn.co/mp3-preview/8288d37b75d02862007052262b5380662c761e5e?cid=c0ef6b3167de4affb312e7fc7366abb4,4pLuE50wL9T26lSv42X0J2,,
4yLSshmIbb2fnX9vN3NPvx,El Muro,https://p.scdn.co/mp3-preview/a2de9ebe55a0921031695ff105793c06fb34130c?cid=c0ef6b3167de4affb312e7fc7366abb4,4pLuE50wL9T26lSv42X0J2,,
26QKsGW4hMuwiEE1ftUMHe,"Lo Que Paso, Paso",https://p.scdn.co/mp3-preview/a7b8a5c6c5564d857437803711ec70b4c81f59aa?cid=c0ef6b3167de4affb312e7fc7366abb4,4pLuE50wL9T26lSv42X0J2,,
2FNqnsX74ZlwduUAcnmzee,Tu Principe,https://p.scdn.co/mp3-preview/3d450c0e24bbb01506051724040f7d69fbe8b990?cid=c0ef6b3167de4affb312e7fc7366abb4,4pLuE50wL9T26lSv42X0J2,,
7cBOkXYce55dBaDOM5Ko0K,Cuentame,https://p.scdn.co/mp3-preview/3aee6834283dfe62004678365a9251d5013dfe0e?cid=c0ef6b3167de4affb312e7fc7366abb4,4pLuE50wL9T26lSv42X0J2,,
2aN7GNWzxqJFmFyqvA9XmR,Santifica Tus Escapularios,https://p.scdn.co/mp3-preview/33b5516be67bb0622c514c70c3d2a966282ce390?cid=c0ef6b3167de4affb312e7fc7366abb4,4pLuE50wL9T26lSv42X0J2,,
4rnh5dCG42UrlVHcbqJJht,Sabor a Melao,https://p.scdn.co/mp3-preview/6535e923a6c12c3190cb0a57ba188bbe65db93d6?cid=c0ef6b3167de4affb312e7fc7366abb4,4pLuE50wL9T26lSv42X0J2,,
64iFfe5BlA6VayEGnGGaPH,El Empuje,https://p.scdn.co/mp3-preview/6375c78e71b08a339e09ab102619b0f8dd034418?cid=c0ef6b3167de4affb312e7fc7366abb4,4pLuE50wL9T26lSv42X0J2,,
6AzcHi5hHkwH0SgXuxE09h,Que Vas a Hacer?,https://p.scdn.co/mp3-preview/74c4beeb96327a5fcac98425293be8300b04767b?cid=c0ef6b3167de4affb312e7fc7366abb4,4pLuE50wL9T26lSv42X0J2,,
25KbjEXRp7kYaxhEQixl2D,Salud y Vida,https://p.scdn.co/mp3-preview/b9db77294c08115429009d33bb0b69f623ecd2d5?cid=c0ef6b3167de4affb312e7fc7366abb4,4pLuE50wL9T26lSv42X0J2,,
3wiND5IC610s766i2P7W0Z,Intermedio "Gavilan",https://p.scdn.co/mp3-preview/fe8fae0e1a8f1f541d39b4e033a456a5cec96aae?cid=c0ef6b3167de4affb312e7fc7366abb4,4pLuE50wL9T26lSv42X0J2,,
5EF5OElOqAqc3CLywMAF28,Corazones,https://p.scdn.co/mp3-preview/4f6c1bba47e3877bef858093e2019602d427a625?cid=c0ef6b3167de4affb312e7fc7366abb4,4pLuE50wL9T26lSv42X0J2,,
6yQ8VZ5b947FBCUzsPehBd,Golpe de Estado,https://p.scdn.co/mp3-preview/9a66c7baddb867ce01d85016703d23f48a351932?cid=c0ef6b3167de4affb312e7fc7366abb4,4pLuE50wL9T26lSv42X0J2,,
2H938tUAIkkB1xl9g956fF,2 Mujeres,https://p.scdn.co/mp3-preview/a2b89b8e300ee2ff1462791493b14a9a884dca48?cid=c0ef6b3167de4affb312e7fc7366abb4,4pLuE50wL9T26lSv42X0J2,,
7ta9jcWBIvdpStHCp55tnP,Saber Su Nombre,https://p.scdn.co/mp3-preview/c31570e547dadc3ea382b1f73f0ebfb4c4e2970c?cid=c0ef6b3167de4affb312e7fc7366abb4,4pLuE50wL9T26lSv42X0J2,,
0H8B3HbCxrdNiODPwH0B0X,Outro,https://p.scdn.co/mp3-preview/2c2214280a36e8973948d93a1119ed8866d2e3e1?cid=c0ef6b3167de4affb312e7fc7366abb4,4pLuE50wL9T26lSv42X0J2,,
6FPcLMnC1DgxakXR1ymeOb,Sabor a Melao - Remix (Bonus Track) (Bonus Track),https://p.scdn.co/mp3-preview/178b4aa9aac71d2769b519b3862c61664a6af863?cid=c0ef6b3167de4affb312e7fc7366abb4,4pLuE50wL9T26lSv42X0J2,,
0e166eZ1Q6fe4dHq6Kf2Cz,"Lo Que Paso, Paso - Remix (Bonus Track) (Bonus Track)",https://p.scdn.co/mp3-preview/3cb90e1aeacfe57a2022fa85a3771ccfaaaeebd4?cid=c0ef6b3167de4affb312e7fc7366abb4,4pLuE50wL9T26lSv42X0J2,,
6YDBAZHIcOEo1rSrcca7rJ,How Do You Do,https://p.scdn.co/mp3-preview/80cb24e14553ff8eadfee3b2a5f0e888e0439bf8?cid=c0ef6b3167de4affb312e7fc7366abb4,5ppnlEoj4HdRRdRihnY3jU,,
4O1xKPHOH7iXlzMNUDuxHS,Illegal (feat. Carlos Santana),https://p.scdn.co/mp3-preview/d65784f5fa790228291e8950fa1a51aa9cde61b5?cid=c0ef6b3167de4affb312e7fc7366abb4,5ppnlEoj4HdRRdRihnY3jU,,
3ZFTkvIE7kyPt6Nu3PEa7V,Hips Don't Lie (feat. Wyclef Jean),https://p.scdn.co/mp3-preview/374b492571c9ba59c2c4b455ab79ee7501adab93?cid=c0ef6b3167de4affb312e7fc7366abb4,5ppnlEoj4HdRRdRihnY3jU,,
4NirETfurhjh8U9Y1l5U1S,Animal City,https://p.scdn.co/mp3-preview/a962868e221b5d82539fd2ad0335919841e612d3?cid=c0ef6b3167de4affb312e7fc7366abb4,5ppnlEoj4HdRRdRihnY3jU,,
433JymbpWnRMHXzp1oTRP7,Don't Bother,https://p.scdn.co/mp3-preview/8cfb6101cde4379de843fbc973c6136c45f71345?cid=c0ef6b3167de4affb312e7fc7366abb4,5ppnlEoj4HdRRdRihnY3jU,,
080gSRai7pWpGO8WsWk1Ww,The Day and the Time (feat. Gustavo Cerati),https://p.scdn.co/mp3-preview/a86500d70c31b0d142f20ba3fcdee3e333c94ac5?cid=c0ef6b3167de4affb312e7fc7366abb4,5ppnlEoj4HdRRdRihnY3jU,,
4ng0dNET7TNV2RMjVB65m6,Dreams for Plans,https://p.scdn.co/mp3-preview/20db6fff522dee410981a4ab9b623a7ca91ad10a?cid=c0ef6b3167de4affb312e7fc7366abb4,5ppnlEoj4HdRRdRihnY3jU,,
4DOamGN0O3Z7mRP8EVTw4f,Hey You,https://p.scdn.co/mp3-preview/57af8c53ea356f3dc029946248f73ba2b663dc11?cid=c0ef6b3167de4affb312e7fc7366abb4,5ppnlEoj4HdRRdRihnY3jU,,
42JOtajDAVadoj1x84l2Wg,Your Embrace,https://p.scdn.co/mp3-preview/ad9389447f666a789aca832339fabf4d17a36717?cid=c0ef6b3167de4affb312e7fc7366abb4,5ppnlEoj4HdRRdRihnY3jU,,
6IkZCUzTNVdBpIixdippHA,Costume Makes the Clown,https://p.scdn.co/mp3-preview/879359a08866fb2dcec803e2387d7a4c8eef4c8f?cid=c0ef6b3167de4affb312e7fc7366abb4,5ppnlEoj4HdRRdRihnY3jU,,
4lbUTqZIk42k2R6upLKAu6,Something,https://p.scdn.co/mp3-preview/4320a1c9a95eae472f46df2cb385d6e1760d0c77?cid=c0ef6b3167de4affb312e7fc7366abb4,5ppnlEoj4HdRRdRihnY3jU,,
0RoXTnhkLvbUR4dSsY3O0f,Timor,https://p.scdn.co/mp3-preview/4e0b9e276208560d0c313da203a3f7bdfcedbf71?cid=c0ef6b3167de4affb312e7fc7366abb4,5ppnlEoj4HdRRdRihnY3jU,,
6UwBdW2wlO9ikUD3LU8GF3,La Tortura (feat. Alejandro Sanz) - Alternate Version,https://p.scdn.co/mp3-preview/8e328fe53fbefec2a7f6d20a95795d1a078553d1?cid=c0ef6b3167de4affb312e7fc7366abb4,5ppnlEoj4HdRRdRihnY3jU,,
0GbKVRzPTcUpdiIJz0xbVg,Subiendo De Nivel,,2a2LGFK2TeN4fAKm1ZOc1I,,
2beS6dD5rovBxSA1zYoSHR,No Me Conoce - Remix,,2a2LGFK2TeN4fAKm1ZOc1I,,
49OwWF8auAUxPbnPkQFBqR,Easy,,2a2LGFK2TeN4fAKm1ZOc1I,,
7guHW8vSLHnTOfcwsXjpGB,Cuando Bebe,,2a2LGFK2TeN4fAKm1ZOc1I,,
3vXxHsLvt8iIZQ6Ox15rbL,En La Mia,,2a2LGFK2TeN4fAKm1ZOc1I,,
6MGKDMkZEg7jTB3TxpvZkK,Sabe,,2a2LGFK2TeN4fAKm1ZOc1I,,
5jn8mEpU3EKjh4o8GBMSZQ,Costear,,2a2LGFK2TeN4fAKm1ZOc1I,,
6MvqgVj98rzMGuxdpIyzeh,Imaginaste,,2a2LGFK2TeN4fAKm1ZOc1I,,
0YbjjUkJZaVMYkkUvrV4AE,Apaga Las Luces,,2a2LGFK2TeN4fAKm1ZOc1I,,
0t5v9u01TBg8gEQk69orZ0,  Cuanto E$?,,2a2LGFK2TeN4fAKm1ZOc1I,,
50rlHqftOzzs5n248E7SUs,Tocarte,,2a2LGFK2TeN4fAKm1ZOc1I,,
0iK5pdqSpSx7v59WZqTBmr,Somos Iguales,,2a2LGFK2TeN4fAKm1ZOc1I,,
1a70j63PDhPWZ8lArt5fLG,No Me Conoce,,2a2LGFK2TeN4fAKm1ZOc1I,,
79Y9OfQ7IOZotCAONeajB3,Intro,,4vOvr0tdZWoIGjnHe9jLqz,,
3xUwL5FU0yyFS2g0KPNTfI,Dale Don Mas Duro,,4vOvr0tdZWoIGjnHe9jLqz,,
5IRgWZTInHCWD4o6jlSJ5r,Intocable,,4vOvr0tdZWoIGjnHe9jLqz,,
69Ej1xrGjOcHvIMtMKxK0G,Dile,,4vOvr0tdZWoIGjnHe9jLqz,,
2y20Y2PP4EFCbdzeGk9WvS,Aunque Te Fuiste,,4vOvr0tdZWoIGjnHe9jLqz,,
5MZPpz8RNYuiMpH95W8usJ,La Noche Esta Buena,,4vOvr0tdZWoIGjnHe9jLqz,,
5ZKpfyH1GuLlml6ZHeEUnX,Provocandome,,4vOvr0tdZWoIGjnHe9jLqz,,
2bwC6HQd8BqUhCu6vqGWxE,Caserios #2,,4vOvr0tdZWoIGjnHe9jLqz,,
63sK5jte57BQrDWhPB9ZoF,Quien La Vio Llorar,,4vOvr0tdZWoIGjnHe9jLqz,,
2nwvB4Hrw0m0Nk7ff0cnW2,Perreando - Remix,,4vOvr0tdZWoIGjnHe9jLqz,,
7iaBCftpUSjnBERFcyQxO9,Tu Cuerpo Me Arrebata,,4vOvr0tdZWoIGjnHe9jLqz,,
6cU4PmCG7v8Fx8IaeQ4wTj,La Recompenza,,4vOvr0tdZWoIGjnHe9jLqz,,
3OliOs644oRYfz4SmM1Kf0,Guayaquil,,4vOvr0tdZWoIGjnHe9jLqz,,
55vn3zReECEU88tnaX52kS,Intocable - Remix,,4vOvr0tdZWoIGjnHe9jLqz,,
1PZrHbJjt5t7dP9OGRxcD0,Dale Don Dale,,4vOvr0tdZWoIGjnHe9jLqz,,
34oWbFBfGEElvgO0a5c9V4,No Flockin',https://p.scdn.co/mp3-preview/cce2da7f051dc07a53b988234a0388cd1377fd40?cid=c0ef6b3167de4affb312e7fc7366abb4,12YTH28wiBXQ16gvWOCMLU,,
227obhe51mpwI6PPWW5hUg,Intro,https://p.scdn.co/mp3-preview/d3a5780a82773b9a14c0e6a1b79e8332e7b61d41?cid=c0ef6b3167de4affb312e7fc7366abb4,0qmyud8qe8LqaVQ1YQ7S5G,,
5djgPE4sxukBa5LQJ7PQ0j,Tarde en la Noche,https://p.scdn.co/mp3-preview/9253d468ce96aa09bf3d1674da5571a1497ab02c?cid=c0ef6b3167de4affb312e7fc7366abb4,0qmyud8qe8LqaVQ1YQ7S5G,,
7JbMsR4rZh6J77LNafur8U,  por Que Te Demoras?,https://p.scdn.co/mp3-preview/7b0f04abeac7b9e86c46e125f9830410594c2487?cid=c0ef6b3167de4affb312e7fc7366abb4,0qmyud8qe8LqaVQ1YQ7S5G,,
278TErqSFSh7yLpL9bZlcU,La Nena de Papa,https://p.scdn.co/mp3-preview/c1569aa939f037322822b77054842dfe6c926f5e?cid=c0ef6b3167de4affb312e7fc7366abb4,0qmyud8qe8LqaVQ1YQ7S5G,,
560GL9Y8gDtKPRIJ41oA3c,Si No Le Contesto,https://p.scdn.co/mp3-preview/7fbfb88a2c125cf13e6351f868c187ca43349951?cid=c0ef6b3167de4affb312e7fc7366abb4,0qmyud8qe8LqaVQ1YQ7S5G,,
7JwdbqIpiuWvGbRryKSuBz,Es un Secreto,https://p.scdn.co/mp3-preview/4f1c58e01a5b61801870756f9bd88bcf25b7a285?cid=c0ef6b3167de4affb312e7fc7366abb4,0qmyud8qe8LqaVQ1YQ7S5G,,
1dA0fkxG4HRpDISLlWGSZL,El Amor No Existe,https://p.scdn.co/mp3-preview/af5c8af6f6940ce7cc208e9f1f73a7bdf0d9d428?cid=c0ef6b3167de4affb312e7fc7366abb4,0qmyud8qe8LqaVQ1YQ7S5G,,
50rfn8fl1cjZvcw1gij6SL,Lloras,https://p.scdn.co/mp3-preview/905a2385993f4a6023af195decda0ef9cfd343f6?cid=c0ef6b3167de4affb312e7fc7366abb4,0qmyud8qe8LqaVQ1YQ7S5G,,
76X5VakCL8CqKz2HDgYkA8,Nos Fuimos Discoteca,https://p.scdn.co/mp3-preview/64c35eeb8645bb9169bb5b47e315feba8f9a2f0c?cid=c0ef6b3167de4affb312e7fc7366abb4,0qmyud8qe8LqaVQ1YQ7S5G,,
01QRAsEIf4mhrsWpIoZnjh,Parisera,https://p.scdn.co/mp3-preview/79ae6699452e1460c823bc8cddd403e710e52e27?cid=c0ef6b3167de4affb312e7fc7366abb4,0qmyud8qe8LqaVQ1YQ7S5G,,
2GyWz8uNUu7yF2DZ446E4G,El Que la Hace la Paga,https://p.scdn.co/mp3-preview/70087a2cb4f8408263d17cffe496ec7039ad2390?cid=c0ef6b3167de4affb312e7fc7366abb4,0qmyud8qe8LqaVQ1YQ7S5G,,
19c8GZzrj5m0NhFUA3K9TP,Mis Canciones Hablan de Sexo,https://p.scdn.co/mp3-preview/a06d3b37eb08de0ea48b9f91563d9f643f27d7ce?cid=c0ef6b3167de4affb312e7fc7366abb4,0qmyud8qe8LqaVQ1YQ7S5G,,
75fKONDPlvWib4nqTxEDyx,  que Me Paso?,https://p.scdn.co/mp3-preview/240525cd71e2dafbfed005bb965243fb13778886?cid=c0ef6b3167de4affb312e7fc7366abb4,0qmyud8qe8LqaVQ1YQ7S5G,,
0bPcOwlv5YOBiFp2Szuend,House Of Pleasure,https://p.scdn.co/mp3-preview/b673da0240667ec32cc064d432ccda9f2ae1d7d1?cid=c0ef6b3167de4affb312e7fc7366abb4,0qmyud8qe8LqaVQ1YQ7S5G,,
1REpLvyPRvfNCouV5PECbL,Outro,https://p.scdn.co/mp3-preview/31bad9cc9d67d4ce9526379c104276a32021aa20?cid=c0ef6b3167de4affb312e7fc7366abb4,0qmyud8qe8LqaVQ1YQ7S5G,,
2JPLbjOn0wPCngEot2STUS,Yonaguni,https://p.scdn.co/mp3-preview/cbade9b0e669565ac8c7c07490f961e4c471b9ee?cid=c0ef6b3167de4affb312e7fc7366abb4,6VSOIs13DaSG2IPilNviX5,,
33tZuPjJWB6hA37LRdDoht,Intro,https://p.scdn.co/mp3-preview/b39e6270b197abf3a76d6d077c48e0eca2d930b5?cid=c0ef6b3167de4affb312e7fc7366abb4,6Q1kiSijkaHwoCwZUHW6IY,,
4AUMwz00G4hFZxY26MyoWV,Abayarde,https://p.scdn.co/mp3-preview/882b72b7390969722c6264f63769a93d5cb6fabc?cid=c0ef6b3167de4affb312e7fc7366abb4,6Q1kiSijkaHwoCwZUHW6IY,,
3tCdDVn9yseorLuljdFugA,Al Natural,https://p.scdn.co/mp3-preview/dd4699e710348581fca301053ce94ba95367d5c5?cid=c0ef6b3167de4affb312e7fc7366abb4,6Q1kiSijkaHwoCwZUHW6IY,,
48VuLrybpNiqYSvz82BpMt,Poquito,https://p.scdn.co/mp3-preview/530119a8ce5d7403144b9b6c357b2ed4750d7ed7?cid=c0ef6b3167de4affb312e7fc7366abb4,6Q1kiSijkaHwoCwZUHW6IY,,
5YJ4BVvTFmVCxUyhKejHfR,Pa' Que Retozen,https://p.scdn.co/mp3-preview/ddc2230ae8946ec1e1e4a7b69a9e65bab76c9869?cid=c0ef6b3167de4affb312e7fc7366abb4,6Q1kiSijkaHwoCwZUHW6IY,,
36qyuh6Y6bUo8WToSJdFAM,Interlude,https://p.scdn.co/mp3-preview/62d9e14963d3920da11391b5aea4bea2f4f69036?cid=c0ef6b3167de4affb312e7fc7366abb4,6Q1kiSijkaHwoCwZUHW6IY,,
6iJa6ly8IIwuOzoOZtnXfw,Loiza,https://p.scdn.co/mp3-preview/1bde0d59497022c074e72e45ef49f68a1a756aeb?cid=c0ef6b3167de4affb312e7fc7366abb4,6Q1kiSijkaHwoCwZUHW6IY,,
42coXpyBiqtsoEYnyRrEPi,No Me La Explota,https://p.scdn.co/mp3-preview/9c7264780ab79986269f4129463a81072a27fd8f?cid=c0ef6b3167de4affb312e7fc7366abb4,6Q1kiSijkaHwoCwZUHW6IY,,
2C6pkY3YO0NCI256DGUOb4,Interlude,https://p.scdn.co/mp3-preview/b848f51b2fc02ebd4587b6fe951c07d96a3afd8b?cid=c0ef6b3167de4affb312e7fc7366abb4,6Q1kiSijkaHwoCwZUHW6IY,,
6sfBQReZH9v9tYSs82Xt1O,"Guasa, Guasa",https://p.scdn.co/mp3-preview/150ea201a7fba7bd78a794cd9bc8d0023123555e?cid=c0ef6b3167de4affb312e7fc7366abb4,6Q1kiSijkaHwoCwZUHW6IY,,
45IOnEpVUdxWUZFqpZ7Xvz,Dominicana,https://p.scdn.co/mp3-preview/7146e216b637041f9f07dff1471f6816baebca4a?cid=c0ef6b3167de4affb312e7fc7366abb4,6Q1kiSijkaHwoCwZUHW6IY,,
0cog8n6942onRBaNJ6vTqH,Cambumbo,https://p.scdn.co/mp3-preview/d7803e881c47f46645a33ae52e189f78ef4bb66d?cid=c0ef6b3167de4affb312e7fc7366abb4,6Q1kiSijkaHwoCwZUHW6IY,,
6BKCDOB88Ub40oloFuKw47,Salte Del Medio,https://p.scdn.co/mp3-preview/bb94144246c91e3bfe11867c00c78f5403c53b1f?cid=c0ef6b3167de4affb312e7fc7366abb4,6Q1kiSijkaHwoCwZUHW6IY,,
3R5Rk61p492berTI1OnydP,Tus Ojos,https://p.scdn.co/mp3-preview/1fbe62140ef6f78770691513a21b5ec9fc966336?cid=c0ef6b3167de4affb312e7fc7366abb4,6Q1kiSijkaHwoCwZUHW6IY,,
2FNnYfU9gmHTs3sUHz0aoB,Los Difuntos,https://p.scdn.co/mp3-preview/a466125172c100630667d54efcba2e989e0e76c3?cid=c0ef6b3167de4affb312e7fc7366abb4,6Q1kiSijkaHwoCwZUHW6IY,,
4hME4EGyUKbLiFozUNiHqk,Lleva Y Trae,https://p.scdn.co/mp3-preview/4a4a9abb379105dd7a31c8875a3e838cdebf54ab?cid=c0ef6b3167de4affb312e7fc7366abb4,6Q1kiSijkaHwoCwZUHW6IY,,
1m7rt4ae5a1tRpkWUBQutm,Bonsai,https://p.scdn.co/mp3-preview/9b9c92e903e7b13cfc913204eee5e2734b42d694?cid=c0ef6b3167de4affb312e7fc7366abb4,6Q1kiSijkaHwoCwZUHW6IY,,
3hxexzkCBHOptRobMgvZ4B,Gracias,https://p.scdn.co/mp3-preview/4cf17ccbaf7d6aedc6fe80233df5f977917bcfd0?cid=c0ef6b3167de4affb312e7fc7366abb4,6Q1kiSijkaHwoCwZUHW6IY,,
06Mlzz9pYaiiV9MbgFxmRm,Plante Bandera,https://p.scdn.co/mp3-preview/2277a22f5a76e56a9b504505be667dfddd021483?cid=c0ef6b3167de4affb312e7fc7366abb4,6Q1kiSijkaHwoCwZUHW6IY,,
5fwSHlTEWpluwOM0Sxnh5k,Pepas,https://p.scdn.co/mp3-preview/d34fb702d404e62f9816de0af525a7e2786a2c00?cid=c0ef6b3167de4affb312e7fc7366abb4,2A5ksnhz7YWbRLvFMjX1j1,,
5xMw6qCcpd2gBXPGTegC4W,SOS,https://p.scdn.co/mp3-preview/0d91430a4a328573f8e4630bdca40d9d9b1dc160?cid=c0ef6b3167de4affb312e7fc7366abb4,07w0rG5TETcyihsEIZR3qG,,
3OHfY25tqY28d16oZczHc8,Kill Bill,https://p.scdn.co/mp3-preview/49dfe4ea78c5d3c5d2923d4a34c50fc4709855cb?cid=c0ef6b3167de4affb312e7fc7366abb4,07w0rG5TETcyihsEIZR3qG,,
6eT2V7nKXyMf47TwPbtgAD,Seek & Destroy,https://p.scdn.co/mp3-preview/8a5d798429120b44f38d185bae23589f744ec444?cid=c0ef6b3167de4affb312e7fc7366abb4,07w0rG5TETcyihsEIZR3qG,,
2GAhgAjOhEmItWLfgisyOn,Low,https://p.scdn.co/mp3-preview/5b6dd5a1d06d0bdfd57382a584cbf0227b4d9a4b?cid=c0ef6b3167de4affb312e7fc7366abb4,07w0rG5TETcyihsEIZR3qG,,
1eIXYZWEfJO3Na2LCCnIJE,Love Language,https://p.scdn.co/mp3-preview/63864d747e5d3fb98cc31186d5e8440d53a165e8?cid=c0ef6b3167de4affb312e7fc7366abb4,07w0rG5TETcyihsEIZR3qG,,
2CSRrnOEELmhpq8iaAi9cd,Blind,https://p.scdn.co/mp3-preview/56cd00fd7aa857bd25e4ed25aebc0e41a24bfd4f?cid=c0ef6b3167de4affb312e7fc7366abb4,07w0rG5TETcyihsEIZR3qG,,
1TweDM3JC49LNeelLVg3yX,Used (feat. Don Toliver),https://p.scdn.co/mp3-preview/d09fca8423bfaaa8ca282f513a1c8710cec64531?cid=c0ef6b3167de4affb312e7fc7366abb4,07w0rG5TETcyihsEIZR3qG,,
4iZ4pt7kvcaH6Yo8UoZ4s2,Snooze,https://p.scdn.co/mp3-preview/8c53920b5fd2c3178afa36cac9eec68b5ee9204a?cid=c0ef6b3167de4affb312e7fc7366abb4,07w0rG5TETcyihsEIZR3qG,,
4fnNBPN9W6AoOYSQS3FJxT,Notice Me,https://p.scdn.co/mp3-preview/8d132551c4cac4b1fdff6c912ca10cf75973b83f?cid=c0ef6b3167de4affb312e7fc7366abb4,07w0rG5TETcyihsEIZR3qG,,
2Sjx8DWZO5zaTyTAmgo2gY,Gone Girl,https://p.scdn.co/mp3-preview/7b5380eb839673c896be8fda738cb590c99994b5?cid=c0ef6b3167de4affb312e7fc7366abb4,07w0rG5TETcyihsEIZR3qG,,
4jTs7ny5eSRnKTzxdrFv5I,Smoking on my Ex Pack,https://p.scdn.co/mp3-preview/86963023df7c2d8580ee5af64f25ec40f00370e1?cid=c0ef6b3167de4affb312e7fc7366abb4,07w0rG5TETcyihsEIZR3qG,,
4h5x3XHLVYFJaItKuO2rhy,Ghost in the Machine,https://p.scdn.co/mp3-preview/e2ea708466b9417bf2cc2892fee910817b19ee21?cid=c0ef6b3167de4affb312e7fc7366abb4,07w0rG5TETcyihsEIZR3qG,,
2e2AXpIiJpet5b4qg85Gh6,F2F,https://p.scdn.co/mp3-preview/eb9f4f5391012f17530722685b28ede4d9297548?cid=c0ef6b3167de4affb312e7fc7366abb4,07w0rG5TETcyihsEIZR3qG,,
5Y35SjAfXjjG0sFQ3KOxmm,Nobody Gets Me,https://p.scdn.co/mp3-preview/36cfe8fbfb78aa38ca3b222c4b9fc88cda992841?cid=c0ef6b3167de4affb312e7fc7366abb4,07w0rG5TETcyihsEIZR3qG,,
4hTej08FutmriOs7S1hWWy,Conceited,https://p.scdn.co/mp3-preview/ce04ee8526a716d04d86ca7e94d2d69a5ca42afd?cid=c0ef6b3167de4affb312e7fc7366abb4,07w0rG5TETcyihsEIZR3qG,,
6RQ5IwG7uADz9LDWliJGjU,Special,https://p.scdn.co/mp3-preview/19f2613c558681fc774cb68d9c834bce3d1e8877?cid=c0ef6b3167de4affb312e7fc7366abb4,07w0rG5TETcyihsEIZR3qG,,
4rAg5bbrdZX00mXXhLvYXj,Too Late,https://p.scdn.co/mp3-preview/cfd6bdd6babe9cead7864fc74f451307b38423e4?cid=c0ef6b3167de4affb312e7fc7366abb4,07w0rG5TETcyihsEIZR3qG,,
74NI58MQexwZjNu1Gu6GjT,Far,https://p.scdn.co/mp3-preview/c142658a1f57ff42291d05f99c5f6886810321cf?cid=c0ef6b3167de4affb312e7fc7366abb4,07w0rG5TETcyihsEIZR3qG,,
2wSTnntOPRi7aQneobFtU4,Shirt,https://p.scdn.co/mp3-preview/8819fb0dc127d1d777a776f4d1186be783334ae5?cid=c0ef6b3167de4affb312e7fc7366abb4,07w0rG5TETcyihsEIZR3qG,,
0xaFw2zDYf1rIJWl2dXiSF,Open Arms (feat. Travis Scott),https://p.scdn.co/mp3-preview/13f76ff738fcb47ae54529c427d35bf4729db55e?cid=c0ef6b3167de4affb312e7fc7366abb4,07w0rG5TETcyihsEIZR3qG,,
2aJnyNu4PQxQ2lyj5boiMG,I Hate U,https://p.scdn.co/mp3-preview/8412b6f5e28262fd58acc6c92a094615714fba54?cid=c0ef6b3167de4affb312e7fc7366abb4,07w0rG5TETcyihsEIZR3qG,,
4PMqSO5qyjpvzhlLI5GnID,Good Days,https://p.scdn.co/mp3-preview/d7fd97c8190baa298af9b4e778d2ba940fcd13a4?cid=c0ef6b3167de4affb312e7fc7366abb4,07w0rG5TETcyihsEIZR3qG,,
5IcP1PPnleZ2kuwKDyfNC5,Forgiveless,https://p.scdn.co/mp3-preview/612773c15ceb9a3d7ea0f1025c77edfdd283cc5a?cid=c0ef6b3167de4affb312e7fc7366abb4,07w0rG5TETcyihsEIZR3qG,,
7Jayh7T1793wFTGOWD4BNw,Skyline,https://p.scdn.co/mp3-preview/a203618112b6f87f0c33a81883b0a40ffb477c79?cid=c0ef6b3167de4affb312e7fc7366abb4,3vi20DRHkqv4HyVg9Rt9wC,,
2J6OF7CkpdQGSfm1wdclqn,Clouded,https://p.scdn.co/mp3-preview/8663094142e97cb5a91c978319675555449040df?cid=c0ef6b3167de4affb312e7fc7366abb4,3vi20DRHkqv4HyVg9Rt9wC,,
5PvVkf1Yuq3XyMqqjPiKPd,Been Away,https://p.scdn.co/mp3-preview/4b0945a347761e01bbc949c604c58c4cc93e6810?cid=c0ef6b3167de4affb312e7fc7366abb4,3vi20DRHkqv4HyVg9Rt9wC,,
2CzUlaKN1mvb0szagSR3ux,Fuck The World (Summer in London),https://p.scdn.co/mp3-preview/3ec14b5486ba7d7e42ae32c6749f8c7ebca2b5a3?cid=c0ef6b3167de4affb312e7fc7366abb4,3vi20DRHkqv4HyVg9Rt9wC,,
0dJhXJKZTpiaxTUc7uItIN,Let Me Know,https://p.scdn.co/mp3-preview/8de11262130ddbb4ff54256084abef19f86a85be?cid=c0ef6b3167de4affb312e7fc7366abb4,3vi20DRHkqv4HyVg9Rt9wC,,
6XuPJCuraeFFv7EQuMixEx,Soon Az I Get Home,https://p.scdn.co/mp3-preview/7de00e9d94b9a435cb9f827deda0802a08e19f92?cid=c0ef6b3167de4affb312e7fc7366abb4,3vi20DRHkqv4HyVg9Rt9wC,,
0zWbYGQq5O1KQd0iqzgjP6,Rehab (Winter In Paris),https://p.scdn.co/mp3-preview/cf43a1046678ade4ab8cb014e714895afba3458e?cid=c0ef6b3167de4affb312e7fc7366abb4,3vi20DRHkqv4HyVg9Rt9wC,,
3detfCDz7x2G34sKD1XzA6,Bluffin,https://p.scdn.co/mp3-preview/c267edac919c041108424e84e1d5507810c61bed?cid=c0ef6b3167de4affb312e7fc7366abb4,3vi20DRHkqv4HyVg9Rt9wC,,
47y5boKoOnJoSpBpPEZvhz,Lost Kids Get Money,https://p.scdn.co/mp3-preview/850dbed1e6a91e640445ba632e95044d151bfc25?cid=c0ef6b3167de4affb312e7fc7366abb4,3vi20DRHkqv4HyVg9Rt9wC,,
4bAPAjc4EmL7YNndqg7AMv,Make It Out,https://p.scdn.co/mp3-preview/4ec7b1503d0ccea5bfea1dbbba3561b88eb4370e?cid=c0ef6b3167de4affb312e7fc7366abb4,3vi20DRHkqv4HyVg9Rt9wC,,
6prribvZEc0z79BkGLuuhJ,SOS,https://p.scdn.co/mp3-preview/8b6e2bcdd3b651a26bec76beaed6fcf70559ecaa?cid=c0ef6b3167de4affb312e7fc7366abb4,1nrVofqDRs7cpWXJ49qTnP,,
1Qrg8KqiBpW07V7PNxwwwL,Kill Bill,https://p.scdn.co/mp3-preview/4bd2dc84016f3743add7eea8b988407b1b900672?cid=c0ef6b3167de4affb312e7fc7366abb4,1nrVofqDRs7cpWXJ49qTnP,,
2KiLsNebHpP3Obhrj4wZWr,Seek & Destroy,https://p.scdn.co/mp3-preview/4a03fde6466173e416ca78020cbb41e28d0f9c50?cid=c0ef6b3167de4affb312e7fc7366abb4,1nrVofqDRs7cpWXJ49qTnP,,
3KRsOSYyt1NELhAhb3AFXu,Low,https://p.scdn.co/mp3-preview/7ba84812045f8768637e82b3ae785c8dd665610b?cid=c0ef6b3167de4affb312e7fc7366abb4,1nrVofqDRs7cpWXJ49qTnP,,
2hQo3aG0eeAnj3GSC0dfKL,Love Language,https://p.scdn.co/mp3-preview/353d6a63a82a80aeb5c5af6afccb4040fd328201?cid=c0ef6b3167de4affb312e7fc7366abb4,1nrVofqDRs7cpWXJ49qTnP,,
1k903tSQLMEyI25Zk7Uu9q,Blind,https://p.scdn.co/mp3-preview/fa005d647eeef59f724fa46dfde1b96a117ffbea?cid=c0ef6b3167de4affb312e7fc7366abb4,1nrVofqDRs7cpWXJ49qTnP,,
4NqkE7kRUvMDEdcqD96EDO,Used (feat. Don Toliver),https://p.scdn.co/mp3-preview/0c4af8402f1cdb87d67f63027f20951f7b5300f2?cid=c0ef6b3167de4affb312e7fc7366abb4,1nrVofqDRs7cpWXJ49qTnP,,
7aQi48ImHQsfni7tDlFQvL,Snooze,https://p.scdn.co/mp3-preview/731e27f78d598140f1e5c9d30bd2149989791656?cid=c0ef6b3167de4affb312e7fc7366abb4,1nrVofqDRs7cpWXJ49qTnP,,
77G7Q90RXX3YTVXHw5Oox3,Notice Me,https://p.scdn.co/mp3-preview/9e513ac47408bbbbe196f68c513aeaf4b24518d2?cid=c0ef6b3167de4affb312e7fc7366abb4,1nrVofqDRs7cpWXJ49qTnP,,
4tNTlP9M5kN2TB8OK6PDqn,Gone Girl,https://p.scdn.co/mp3-preview/ab8fcdc98c0ceab5efbe8b1ee05c7482707a83cd?cid=c0ef6b3167de4affb312e7fc7366abb4,1nrVofqDRs7cpWXJ49qTnP,,
6XguPmvQF7YCbCCiGaH3zd,Smoking on my Ex Pack,https://p.scdn.co/mp3-preview/c4ef4d49814284a1ea4fced5e7e0acd9f13c078a?cid=c0ef6b3167de4affb312e7fc7366abb4,1nrVofqDRs7cpWXJ49qTnP,,
0GhV8OqZZHJ9ajvAo7PeQW,Ghost in the Machine (feat. Phoebe Bridgers),https://p.scdn.co/mp3-preview/7397d4646250e2fe6a43c98528bbcf11901ad6f7?cid=c0ef6b3167de4affb312e7fc7366abb4,1nrVofqDRs7cpWXJ49qTnP,,
21QoQJL82spGDTg7ezskWm,F2F,https://p.scdn.co/mp3-preview/de3ffb39cff3c9a36ba1ef1d9520db34bc397ec6?cid=c0ef6b3167de4affb312e7fc7366abb4,1nrVofqDRs7cpWXJ49qTnP,,
0impvergaW8CuQS2OcEWMu,Nobody Gets Me,https://p.scdn.co/mp3-preview/bb6a2835a262ffd99d1ffb3dffb0c677878b288d?cid=c0ef6b3167de4affb312e7fc7366abb4,1nrVofqDRs7cpWXJ49qTnP,,
1FmJMpOjxWkiv5u6L8pxXX,Conceited,https://p.scdn.co/mp3-preview/4d67c4569268e0ef8f0c5225ba1b0aaefb4d0dd8?cid=c0ef6b3167de4affb312e7fc7366abb4,1nrVofqDRs7cpWXJ49qTnP,,
7qecaub0Xvlw87waQYSfgf,Special,https://p.scdn.co/mp3-preview/acff55079ad33861b80686635011919c7d4e7a41?cid=c0ef6b3167de4affb312e7fc7366abb4,1nrVofqDRs7cpWXJ49qTnP,,
4Mteyd60tfstDuzfkGqXx1,Too Late,https://p.scdn.co/mp3-preview/7b56bbd9393c0c8648a554edd47b7b4a397ba56b?cid=c0ef6b3167de4affb312e7fc7366abb4,1nrVofqDRs7cpWXJ49qTnP,,
7A43EM6GnRnq0aWYRVzS4H,Far,https://p.scdn.co/mp3-preview/3793bf0482fa5f5727f180583c13d2f4fb7f2f29?cid=c0ef6b3167de4affb312e7fc7366abb4,1nrVofqDRs7cpWXJ49qTnP,,
4NLBrPnLcOgyoOUFmRsDbt,Shirt,https://p.scdn.co/mp3-preview/eb58a846692002b862ad4a284a3d67ee0b4db6c0?cid=c0ef6b3167de4affb312e7fc7366abb4,1nrVofqDRs7cpWXJ49qTnP,,
6koKhrBBcExADvWuOgceNZ,Open Arms (feat. Travis Scott),https://p.scdn.co/mp3-preview/3bc7e3a481a7cbaeb578f3fdd426fef59676cf42?cid=c0ef6b3167de4affb312e7fc7366abb4,1nrVofqDRs7cpWXJ49qTnP,,
2EDuxTLWcKf4xitJnM9grN,I Hate U,https://p.scdn.co/mp3-preview/bafed6f31cd29bc34ea570ffba0001a2ff3ea647?cid=c0ef6b3167de4affb312e7fc7366abb4,1nrVofqDRs7cpWXJ49qTnP,,
10sFUdHmJAChUw36XaEOGV,Good Days,https://p.scdn.co/mp3-preview/295ea5ea45182ac9fd62efb8051ddbe3c297e188?cid=c0ef6b3167de4affb312e7fc7366abb4,1nrVofqDRs7cpWXJ49qTnP,,
27TfEElo4avYcc2OgcknIi,Forgiveless (feat. Ol' Dirty Bastard),https://p.scdn.co/mp3-preview/73aa18cde49368832b4676b396ab4355277fb241?cid=c0ef6b3167de4affb312e7fc7366abb4,1nrVofqDRs7cpWXJ49qTnP,,
1xK59OXxi2TAAAbmZK0kBL,Romantic Homicide,,4B3FsNFguOEJ4TWEsct83B,,
0JXXNGljqupsJaZsgSbMZV,Sure Thing,https://p.scdn.co/mp3-preview/d337faa4bb71c8ac9a13998be64fbb0d7d8b8463?cid=c0ef6b3167de4affb312e7fc7366abb4,493HYe7N5pleudEZRyhE7R,,
5VA4Ispp52EA1sOqzMz3Av,All I Want Is You (feat. J. Cole),https://p.scdn.co/mp3-preview/aecf5f5430727ac6b8d1bd315e9b8e257ef61faf?cid=c0ef6b3167de4affb312e7fc7366abb4,493HYe7N5pleudEZRyhE7R,,
1eUGmzzvahJjOSWgDHuRlv,Girl With The Tattoo Enter.lewd,https://p.scdn.co/mp3-preview/8948f9e96105d4640c50e9be9f0bbff46cb130f6?cid=c0ef6b3167de4affb312e7fc7366abb4,493HYe7N5pleudEZRyhE7R,,
5JBVrYNpJEa7eyG0E8UMvX,Pay Me,https://p.scdn.co/mp3-preview/55ad81b23d3c108db9c76223cb404cf6af6dfb67?cid=c0ef6b3167de4affb312e7fc7366abb4,493HYe7N5pleudEZRyhE7R,,
4isk4UYRcmslphcTq61xUg,Quickie,https://p.scdn.co/mp3-preview/28e1563fb70261d06430506c570d277e4f7ec132?cid=c0ef6b3167de4affb312e7fc7366abb4,493HYe7N5pleudEZRyhE7R,,
4qE2iDO78w5uHs03R8V7FQ,Girls Like You,https://p.scdn.co/mp3-preview/48715aa99bac437579a491cf66cfa1f9106ad6d8?cid=c0ef6b3167de4affb312e7fc7366abb4,493HYe7N5pleudEZRyhE7R,,
6tmWKd8kKXaYGfhihe5zmp,Overload Enter.lewd,https://p.scdn.co/mp3-preview/8922ef20bf6978b4450fbe5348e5ee4f41cb629e?cid=c0ef6b3167de4affb312e7fc7366abb4,493HYe7N5pleudEZRyhE7R,,
7dB1PiZseXwBZSObScI2nH,Hard Way,https://p.scdn.co/mp3-preview/75cb4539bd2ead6370156ff69cd62185c8fcc14a?cid=c0ef6b3167de4affb312e7fc7366abb4,493HYe7N5pleudEZRyhE7R,,
3TeNkdbYRK8mGfvTMZtXBM,Teach Me,https://p.scdn.co/mp3-preview/1f73d8b8faa084fecc91fd99d06ee601c9559f95?cid=c0ef6b3167de4affb312e7fc7366abb4,493HYe7N5pleudEZRyhE7R,,
7E0Vsj8rinTQl50BAsFewF,Hero,https://p.scdn.co/mp3-preview/888237fae81c2ff413d0c4395b1386ab9d4fb8cc?cid=c0ef6b3167de4affb312e7fc7366abb4,493HYe7N5pleudEZRyhE7R,,
3HBZIY3FVzXu6YjhExNqWe,Vixen,https://p.scdn.co/mp3-preview/6386455b90c166336b8bf6b406bda21a02d2ec62?cid=c0ef6b3167de4affb312e7fc7366abb4,493HYe7N5pleudEZRyhE7R,,
4YMEYbRvgzVXJoKi53SSgU,To The Moon,https://p.scdn.co/mp3-preview/2d4bcb9427fc9ab37c1970994a3097424578bca6?cid=c0ef6b3167de4affb312e7fc7366abb4,493HYe7N5pleudEZRyhE7R,,
4WLQVGtxD8eqDPMX2CiZlE,My Piece,https://p.scdn.co/mp3-preview/bcee71865f278cc7afcdaeba92bc4821e5340fd0?cid=c0ef6b3167de4affb312e7fc7366abb4,493HYe7N5pleudEZRyhE7R,,
5MtMp3OeL7oOeF0WWY4TFT,Welcome to the Party,https://p.scdn.co/mp3-preview/254c630452253a6273e8135cb3294fb965dd567c?cid=c0ef6b3167de4affb312e7fc7366abb4,1q4B7r3dzzwkarZ1B9bk9e,,
2Xn57fghAJ50iF3DahiXvp,Wild Bitches,https://p.scdn.co/mp3-preview/cbaad58769bcbdbcf7e3d3949dbfd8e0a4aa2449?cid=c0ef6b3167de4affb312e7fc7366abb4,1q4B7r3dzzwkarZ1B9bk9e,,
2aB3eXzbt6a5ueOV2zfciT,Relax with Me,https://p.scdn.co/mp3-preview/64abd65edc37f057d7ca8447c155ed9f3d9d044d?cid=c0ef6b3167de4affb312e7fc7366abb4,1q4B7r3dzzwkarZ1B9bk9e,,
2tdDlP8w9wFp7m41KimBf1,Right Now,https://p.scdn.co/mp3-preview/88651e9382aa9c4c5ac4a625e234c42f9f0c06bd?cid=c0ef6b3167de4affb312e7fc7366abb4,1q4B7r3dzzwkarZ1B9bk9e,,
2c1jezYXHqGN8C0AJhIE1S,Make a Mil,https://p.scdn.co/mp3-preview/fb89cdb3e7cb2a88ac9bf76536642f20f9b32ed1?cid=c0ef6b3167de4affb312e7fc7366abb4,1q4B7r3dzzwkarZ1B9bk9e,,
5fEB6ZmVkg63GZg9qO86jh,Break from Toronto,https://p.scdn.co/mp3-preview/89f708c823dc7d3827d2f063b9075b51ec47f446?cid=c0ef6b3167de4affb312e7fc7366abb4,1q4B7r3dzzwkarZ1B9bk9e,,
6Bw8qcBkcbVixQp1fuGaM6,TBH,https://p.scdn.co/mp3-preview/72d9eeae454a8d8ef5d8fbad09e4fab223d08939?cid=c0ef6b3167de4affb312e7fc7366abb4,1q4B7r3dzzwkarZ1B9bk9e,,
0NHvTrD8Igke3fawcp3njY,Wus Good / Curious,https://p.scdn.co/mp3-preview/4d11a4881a78be4b67d03cdf919f2ed7dfcf9a2d?cid=c0ef6b3167de4affb312e7fc7366abb4,1q4B7r3dzzwkarZ1B9bk9e,,
43xzI2dp9CTUsmZXjm1voH,Over Here (feat. Drake),https://p.scdn.co/mp3-preview/20a66514d63acccd66d520bc7ee4aeefe77216d3?cid=c0ef6b3167de4affb312e7fc7366abb4,1q4B7r3dzzwkarZ1B9bk9e,,
6qWfJkV2jRO5RkOIZMC3hL,Ballin',https://p.scdn.co/mp3-preview/9fd70910a9ce99e9731e725061f081ed94d81feb?cid=c0ef6b3167de4affb312e7fc7366abb4,1q4B7r3dzzwkarZ1B9bk9e,,
2sw9r0DEwO1Nqg6eBtsCcc,Enchanted Waterfall,,5Gm2XKBgnlzd6qTi7LE1z2,,
6GGmABM6AMwMzEhK7szqJT,Pink Dolphin Sunset (feat. Tee),https://p.scdn.co/mp3-preview/885684aa948aeee6eee147b9c1dbb05c01750de6?cid=c0ef6b3167de4affb312e7fc7366abb4,5Gm2XKBgnlzd6qTi7LE1z2,,
31zNgkbLt8McmjDrh6XKY9,Midnight's Interlude,https://p.scdn.co/mp3-preview/9b17661a46af187ab96fa8e793ff8754e28bf915?cid=c0ef6b3167de4affb312e7fc7366abb4,5Gm2XKBgnlzd6qTi7LE1z2,,
3azJifCSqg9fRij2yKIbWz,The Color Violet,https://p.scdn.co/mp3-preview/1d7c627bf549328110519c4bd21ac39d7ca50ea1?cid=c0ef6b3167de4affb312e7fc7366abb4,5Gm2XKBgnlzd6qTi7LE1z2,,
1au2UduxcvHfa0fZS3Szci,Lavender Sunflower,https://p.scdn.co/mp3-preview/df55e017bbdc4f04492e605ffbbbff818d92c9ba?cid=c0ef6b3167de4affb312e7fc7366abb4,5Gm2XKBgnlzd6qTi7LE1z2,,
2PLOCIYlFr8XxNsz0Lgs4l,Ballad of a Badman,https://p.scdn.co/mp3-preview/d078ce4603f9ba24021473c31e0bc9619bb51f01?cid=c0ef6b3167de4affb312e7fc7366abb4,5Gm2XKBgnlzd6qTi7LE1z2,,
6ieWL5CLN9WdC875guWtMe,Lady Of Namek,https://p.scdn.co/mp3-preview/13ec6bf54c1cb41de7cc78a2a9d8fc7d3402ebec?cid=c0ef6b3167de4affb312e7fc7366abb4,5Gm2XKBgnlzd6qTi7LE1z2,,
2gHQ7upBrDEFOZZTO6ktbZ,Pluto  s Last Comet,https://p.scdn.co/mp3-preview/87ed3a0f4bc949e191b7e76c51b4a66a4968d9be?cid=c0ef6b3167de4affb312e7fc7366abb4,5Gm2XKBgnlzd6qTi7LE1z2,,
17sPXQa8bT24ToCYHXuQXI,  87 Stingray,https://p.scdn.co/mp3-preview/bda9b4b7a488821f35fbfb87ce6661732386d450?cid=c0ef6b3167de4affb312e7fc7366abb4,5Gm2XKBgnlzd6qTi7LE1z2,,
6VKNW0svDbddkdNDGAE0NY,Hurt From Mercury,https://p.scdn.co/mp3-preview/2d1425fdf263c5c578f1155c115d61164f0f4502?cid=c0ef6b3167de4affb312e7fc7366abb4,5Gm2XKBgnlzd6qTi7LE1z2,,
29Hn3L56DQ6y7W249oVxqd,Last Kiss Of Nebulon,https://p.scdn.co/mp3-preview/2287e6de8d035f0659e0c97393a4bf5709dbf370?cid=c0ef6b3167de4affb312e7fc7366abb4,5Gm2XKBgnlzd6qTi7LE1z2,,
6WzRpISELf3YglGAh7TXcG,Popular (with Playboi Carti & Madonna) - Music from the HBO Original Series,,5O0zUvdnJr0RbWzLFneN2i,,
39a23fzBmNlAzz7fHok1Jo,Intro (Difference),https://p.scdn.co/mp3-preview/aaabfe332172ea6e72169ba5117ffc840d166d0e?cid=c0ef6b3167de4affb312e7fc7366abb4,6eZdwrhB97A3EYx9QppGfl,,
5QDGKcQLqOJvoiu8eScEaM,Let Em' Know,https://p.scdn.co/mp3-preview/f9dbaffcf8ca342dc03a8ad3dd986ba965d159e8?cid=c0ef6b3167de4affb312e7fc7366abb4,6eZdwrhB97A3EYx9QppGfl,,
43PuMrRfbyyuz4QpZ3oAwN,Exchange,https://p.scdn.co/mp3-preview/5b6d7b159ec3ffc2c231621165eff5073e0459a5?cid=c0ef6b3167de4affb312e7fc7366abb4,6eZdwrhB97A3EYx9QppGfl,,
5g30WoqK1Dv5Bnwpusp2vk,For However Long,https://p.scdn.co/mp3-preview/48920c351ae4ceee2586a3c3150db390c479c03e?cid=c0ef6b3167de4affb312e7fc7366abb4,6eZdwrhB97A3EYx9QppGfl,,
3pXF1nA74528Edde4of9CC,Don't,https://p.scdn.co/mp3-preview/f7e8de8a2a419c43ddf77af8572e6ad1e4cb64d4?cid=c0ef6b3167de4affb312e7fc7366abb4,6eZdwrhB97A3EYx9QppGfl,,
2uYnktBpKbr8YuiLit7WiZ,Open Interlude,https://p.scdn.co/mp3-preview/2a674ca0061b4e921b29ce23a20e45c7ab25f7a2?cid=c0ef6b3167de4affb312e7fc7366abb4,6eZdwrhB97A3EYx9QppGfl,,
725fdnXEqS0Xs1sTvdNuHq,Ten Nine Fourteen,https://p.scdn.co/mp3-preview/a2fe044645fb1f174960efa570068ca63f909701?cid=c0ef6b3167de4affb312e7fc7366abb4,6eZdwrhB97A3EYx9QppGfl,,
5vjV8rtLO9H1XVMFTXSbnZ,The Sequence,https://p.scdn.co/mp3-preview/64c09490ef3207a6df0fa70fda87cbefbb2c0319?cid=c0ef6b3167de4affb312e7fc7366abb4,6eZdwrhB97A3EYx9QppGfl,,
5RqsqQU0erB0OgLbwem6pU,Rambo,https://p.scdn.co/mp3-preview/d41014eb139de53113e61c8b2fb626ef2d49c127?cid=c0ef6b3167de4affb312e7fc7366abb4,6eZdwrhB97A3EYx9QppGfl,,
5Y87Aek2DGI5s4WNAh8zKR,502 Come Up,https://p.scdn.co/mp3-preview/3821320b9409289d1ee6811c7065805ab210bd24?cid=c0ef6b3167de4affb312e7fc7366abb4,6eZdwrhB97A3EYx9QppGfl,,
16bHRxM89ue0TiCKARYbRp,Sorry Not Sorry,https://p.scdn.co/mp3-preview/7d832507571967e1c5c1ca3de5dd7ae7d5e3ea4b?cid=c0ef6b3167de4affb312e7fc7366abb4,6eZdwrhB97A3EYx9QppGfl,,
0zg5XJPiga7E5FxiehriG2,Been That Way,https://p.scdn.co/mp3-preview/6b979ef4ce1f870b17864fbebbc4670eedf39bfc?cid=c0ef6b3167de4affb312e7fc7366abb4,6eZdwrhB97A3EYx9QppGfl,,
2gq9iG0maBxkuZI7yfGJuv,Overtime,https://p.scdn.co/mp3-preview/9f83770f54e03e9e6ab07db5e1d0f298778f4687?cid=c0ef6b3167de4affb312e7fc7366abb4,6eZdwrhB97A3EYx9QppGfl,,
5rgrBsAFYMun6yhtnLKRPz,Right My Wrongs,https://p.scdn.co/mp3-preview/e43cc6158a831f160b4fae7ddfe26c62ac18a98b?cid=c0ef6b3167de4affb312e7fc7366abb4,6eZdwrhB97A3EYx9QppGfl,,
7zFXmv6vqI4qOt4yGf3jYZ,Get You (feat. Kali Uchis),https://p.scdn.co/mp3-preview/50f8ebebe7de796d2519b203077d119e66a90ea3?cid=c0ef6b3167de4affb312e7fc7366abb4,3xybjP7r2VsWzwvDQipdM0,,
1RMJOxR6GRPsBHL8qeC2ux,Best Part (feat. H.E.R.),https://p.scdn.co/mp3-preview/c3c8ed8ba1546630a13ffb139b405800c121e10d?cid=c0ef6b3167de4affb312e7fc7366abb4,3xybjP7r2VsWzwvDQipdM0,,
1Mza2sr6tPhy6jjI3HB9fW,Hold Me Down,https://p.scdn.co/mp3-preview/aeccd14991d2564f468a0c6e15377011d5cd34b3?cid=c0ef6b3167de4affb312e7fc7366abb4,3xybjP7r2VsWzwvDQipdM0,,
3SPfACAarZmNEF45erapCY,Neu Roses (Transgressor's Song),https://p.scdn.co/mp3-preview/8bbf29d6a19f87cd5837e2a6064c69f5e2b89366?cid=c0ef6b3167de4affb312e7fc7366abb4,3xybjP7r2VsWzwvDQipdM0,,
59acp1OhcvxwVBwQJBYKuX,Loose,https://p.scdn.co/mp3-preview/b08c29b19a6fbe2b320d72c97d83b9c74589a4d6?cid=c0ef6b3167de4affb312e7fc7366abb4,3xybjP7r2VsWzwvDQipdM0,,
1TPLsNVlofwX1txcE9gZZF,We Find Love,https://p.scdn.co/mp3-preview/100de86b99bc4feb09e37149f40397fb8c4d74ed?cid=c0ef6b3167de4affb312e7fc7366abb4,3xybjP7r2VsWzwvDQipdM0,,
0KyzXQhY2yzcb1FYCHkZc2,Blessed,https://p.scdn.co/mp3-preview/1bb0c9fc1e01c7028d2f4f9c296ffae4a75426cf?cid=c0ef6b3167de4affb312e7fc7366abb4,3xybjP7r2VsWzwvDQipdM0,,
3E895HtTn6lB40SA0l9EkL,Take Me Away (feat. Syd),https://p.scdn.co/mp3-preview/2123a0de07bfc53fb0e59f2de91be6c69d6633c2?cid=c0ef6b3167de4affb312e7fc7366abb4,3xybjP7r2VsWzwvDQipdM0,,
1jQfgl9WRle7D8a3GXLwaD,Transform (feat. Charlotte Day Wilson),https://p.scdn.co/mp3-preview/c07f7680954327f74a10798b8b9a66e476e4e4b4?cid=c0ef6b3167de4affb312e7fc7366abb4,3xybjP7r2VsWzwvDQipdM0,,
4nESnAOALHmxg8UFCCtXhO,Freudian,https://p.scdn.co/mp3-preview/0850a8259299a47886dcda12b3e3c79d9d4e5c8f?cid=c0ef6b3167de4affb312e7fc7366abb4,3xybjP7r2VsWzwvDQipdM0,,
7MXVkk9YMctZqd1Srtv4MB,Starboy,,2ODvWsOgouMbaA5xf0RkJe,,
4F7A0DXBrmUAkp32uenhZt,Party Monster,,2ODvWsOgouMbaA5xf0RkJe,,
4oeaIftdpT3JuZLcCkKmVE,False Alarm,,2ODvWsOgouMbaA5xf0RkJe,,
37F0uwRSrdzkBiuj0D5UHI,Reminder,,2ODvWsOgouMbaA5xf0RkJe,,
36YCdzT57us0LhDmCYtrNE,Rockin  ,,2ODvWsOgouMbaA5xf0RkJe,,
00NAQYOP4AmWR549nnYJZu,Secrets,,2ODvWsOgouMbaA5xf0RkJe,,
1oGdVdYjeQvojGKDddxLQQ,True Colors,,2ODvWsOgouMbaA5xf0RkJe,,
4EDijkJdHBZZ0GwJ12iTAj,Stargirl Interlude,,2ODvWsOgouMbaA5xf0RkJe,,
4h90qkbnW1Qq6pBhoPvwko,Sidewalks,,2ODvWsOgouMbaA5xf0RkJe,,
4mU5iXHeLgbR94siF7p1sY,Six Feet Under,,2ODvWsOgouMbaA5xf0RkJe,,
27BgDmciSjoxTG0almHTpZ,Love To Lay,,2ODvWsOgouMbaA5xf0RkJe,,
0ifooM33X1iBxVYyOkSbXW,A Lonely Night,,2ODvWsOgouMbaA5xf0RkJe,,
6pDVjCUA3B1vg9waKutAsv,Attention,,2ODvWsOgouMbaA5xf0RkJe,,
15k2nBQJ0teDmPZHrOXL2N,Ordinary Life,,2ODvWsOgouMbaA5xf0RkJe,,
57qiTKh8bVX0VtfUNTQqhw,Nothing Without You,,2ODvWsOgouMbaA5xf0RkJe,,
0NWqNXBJTpXbkI5rPWNy3p,All I Know,,2ODvWsOgouMbaA5xf0RkJe,,
2Ch7LmS7r2Gy2kc64wv3Bz,Die For You,,2ODvWsOgouMbaA5xf0RkJe,,
3dhjNA0jGA8vHBQ1VdD6vV,I Feel It Coming,,2ODvWsOgouMbaA5xf0RkJe,,
6mAuw7R6u4vlNneuBgnC8K,How,https://p.scdn.co/mp3-preview/c5ea52d86f5a99df4ac84832e4d8dfc83d2fa50a?cid=c0ef6b3167de4affb312e7fc7366abb4,4xkM0BwLM9H2IUcbYzpcBI,,
7brQHA2CgQpcMBiOlfiXYb,Afraid,https://p.scdn.co/mp3-preview/9d54898b4d4df0169c46b152ba17ae580dd62d8c?cid=c0ef6b3167de4affb312e7fc7366abb4,4xkM0BwLM9H2IUcbYzpcBI,,
0yyyapBjZ9Ek1vcpp3e9bj,Everybody's Watching Me (Uh Oh),https://p.scdn.co/mp3-preview/190a4b9e1390b4f311cf5f62ad54a2468ea60ef9?cid=c0ef6b3167de4affb312e7fc7366abb4,4xkM0BwLM9H2IUcbYzpcBI,,
2QjOHCTQ1Jl3zawyYOpxh6,Sweater Weather,https://p.scdn.co/mp3-preview/877602f424a9dea277b13301ffc516f9fd1fbe7e?cid=c0ef6b3167de4affb312e7fc7366abb4,4xkM0BwLM9H2IUcbYzpcBI,,
6cWpj6c5pNZYEk5KYjNBji,Let It Go,https://p.scdn.co/mp3-preview/5b72ed54e5399926cea46c20c207f535d2397178?cid=c0ef6b3167de4affb312e7fc7366abb4,4xkM0BwLM9H2IUcbYzpcBI,,
4V37tyDu9CtqYshvrgLke4,Alleyways,https://p.scdn.co/mp3-preview/f934e043c35c4e45aa9f586ef2aadd459fe00f53?cid=c0ef6b3167de4affb312e7fc7366abb4,4xkM0BwLM9H2IUcbYzpcBI,,
3vooOYHU0Fi3ViCG7Ozh0Y,W.D.Y.W.F.M?,https://p.scdn.co/mp3-preview/68fdaa37be22461b7d19756d4d99063832394c05?cid=c0ef6b3167de4affb312e7fc7366abb4,4xkM0BwLM9H2IUcbYzpcBI,,
2Kt1XplPBQBsDKQDa6TssB,Flawless,https://p.scdn.co/mp3-preview/5d4dbfccf6a6da9fdaa50cb7395f985383846c8b?cid=c0ef6b3167de4affb312e7fc7366abb4,4xkM0BwLM9H2IUcbYzpcBI,,
4BDnfINTlfJPmLp1UV6CXt,Female Robbery,https://p.scdn.co/mp3-preview/2cdf4db69cec15526d861d84a7d4b3dd395b8233?cid=c0ef6b3167de4affb312e7fc7366abb4,4xkM0BwLM9H2IUcbYzpcBI,,
1NA2NvAgCB4EfcBC8OHfuj,Staying Up,https://p.scdn.co/mp3-preview/ca2fec46b6f81418ad26b6aafbb3279f936384d6?cid=c0ef6b3167de4affb312e7fc7366abb4,4xkM0BwLM9H2IUcbYzpcBI,,
4MUvaBckjtNGlxX1IuHDPW,Float,https://p.scdn.co/mp3-preview/5e4f7b3c252db8ec1b7ba0b90e821c2191e9bacd?cid=c0ef6b3167de4affb312e7fc7366abb4,4xkM0BwLM9H2IUcbYzpcBI,,
5FVd6KXrgO9B3JPmC8OPst,Do I Wanna Know?,https://p.scdn.co/mp3-preview/006bc465fe3d1c04dae93a050eca9d402a7322b8?cid=c0ef6b3167de4affb312e7fc7366abb4,78bpIziExqiI9qztvNFlQu,,
2AT8iROs4FQueDv2c8q2KE,R U Mine?,https://p.scdn.co/mp3-preview/d41c9b18f0787cc9b2ccea10740d92dd7e7f639a?cid=c0ef6b3167de4affb312e7fc7366abb4,78bpIziExqiI9qztvNFlQu,,
6wNUBZNWFxdUGof6vkaykE,One For The Road,https://p.scdn.co/mp3-preview/8ad968049796e1234d20eba15c62de83d188c9f0?cid=c0ef6b3167de4affb312e7fc7366abb4,78bpIziExqiI9qztvNFlQu,,
7nzsY8vlnKdvGOEE0rjAXZ,Arabella,https://p.scdn.co/mp3-preview/974bb8b08005bbc3c38a3b1389debf8e51fa1f20?cid=c0ef6b3167de4affb312e7fc7366abb4,78bpIziExqiI9qztvNFlQu,,
1j9rezdE3YeC7yktZXC1em,I Want It All,https://p.scdn.co/mp3-preview/350cfa8b115df3bf6a843c13635fe741247bb68f?cid=c0ef6b3167de4affb312e7fc7366abb4,78bpIziExqiI9qztvNFlQu,,
5TTGoX70AFrTvuEtqHK37S,No. 1 Party Anthem,https://p.scdn.co/mp3-preview/ba38bc9842d486d94889a7803367737dc011db7f?cid=c0ef6b3167de4affb312e7fc7366abb4,78bpIziExqiI9qztvNFlQu,,
75n7mraeMycQOl2sDGYaTe,Mad Sounds,https://p.scdn.co/mp3-preview/439a1d690e8ccf29e67a623da8affa8437cd3305?cid=c0ef6b3167de4affb312e7fc7366abb4,78bpIziExqiI9qztvNFlQu,,
4atMrAadB7dS8xn9vfk9PQ,Fireside,https://p.scdn.co/mp3-preview/9d8d30ca185e36269b78f26111074c4f10f3f57a?cid=c0ef6b3167de4affb312e7fc7366abb4,78bpIziExqiI9qztvNFlQu,,
086myS9r57YsLbJpU0TgK9,Why'd You Only Call Me When You're High?,https://p.scdn.co/mp3-preview/be5453a4763510679fab61e39662ab0257458be6?cid=c0ef6b3167de4affb312e7fc7366abb4,78bpIziExqiI9qztvNFlQu,,
0NdTUS4UiNYCNn5FgVqKQY,Snap Out Of It,https://p.scdn.co/mp3-preview/f2ab7daa4bbd9ad5889c0dda818c40fe60b66406?cid=c0ef6b3167de4affb312e7fc7366abb4,78bpIziExqiI9qztvNFlQu,,
2LGdO5MtFdyphi2EihANZG,Knee Socks,https://p.scdn.co/mp3-preview/1760b337ef613459a069b961a1bedf65b8c1bc3f?cid=c0ef6b3167de4affb312e7fc7366abb4,78bpIziExqiI9qztvNFlQu,,
5XeFesFbtLpXzIVDNQP22n,I Wanna Be Yours,https://p.scdn.co/mp3-preview/07de30bde8363d9ff78b72339245c151f67af451?cid=c0ef6b3167de4affb312e7fc7366abb4,78bpIziExqiI9qztvNFlQu,,
5rTIpPWeO0IL4HWlGWrz5G,Brianstorm,https://p.scdn.co/mp3-preview/7707da4b7c6da930804e6c28bfe5d037c29ec0e3?cid=c0ef6b3167de4affb312e7fc7366abb4,6rsQnwaoJHxXJRCDBPkBRw,,
4OkPamOn5GofkOQu64Z4eR,Teddy Picker,https://p.scdn.co/mp3-preview/feed65a5c2455b55a20984fad39134b992af239a?cid=c0ef6b3167de4affb312e7fc7366abb4,6rsQnwaoJHxXJRCDBPkBRw,,
45QyGXbqTWaFUrIKe2ugs3,D Is for Dangerous,https://p.scdn.co/mp3-preview/28b030ad85e32a9e57b74ff793c6852be18a6304?cid=c0ef6b3167de4affb312e7fc7366abb4,6rsQnwaoJHxXJRCDBPkBRw,,
11DdPGqDsM3ux1gVAqUIln,Balaclava,https://p.scdn.co/mp3-preview/22baa82ce604d71a3a5747e2987a1ac682200cc7?cid=c0ef6b3167de4affb312e7fc7366abb4,6rsQnwaoJHxXJRCDBPkBRw,,
7e8utCy2JlSB8dRHKi49xM,Fluorescent Adolescent,https://p.scdn.co/mp3-preview/bd2ab6609fef9aa8cc35c75739d89dc5a72bfc80?cid=c0ef6b3167de4affb312e7fc7366abb4,6rsQnwaoJHxXJRCDBPkBRw,,
7ABWRukVQcXrIrDKDx5Gek,Only Ones Who Know,https://p.scdn.co/mp3-preview/325abf3e152ca7e3d3a80e5a758b46c857397318?cid=c0ef6b3167de4affb312e7fc7366abb4,6rsQnwaoJHxXJRCDBPkBRw,,
13NCxLOlvQ4Tnexgfp03Gs,Do Me a Favour,https://p.scdn.co/mp3-preview/1d7970098394c3b0a523401104c7b3619c5dc399?cid=c0ef6b3167de4affb312e7fc7366abb4,6rsQnwaoJHxXJRCDBPkBRw,,
7gPd55hW5pVjTm3H9S1Wbv,This House Is a Circus,https://p.scdn.co/mp3-preview/023859660a082400a20c8b67d8d04cc1fb85875d?cid=c0ef6b3167de4affb312e7fc7366abb4,6rsQnwaoJHxXJRCDBPkBRw,,
0ZUXj43fteJjwvGoLMntte,"If You Were There, Beware",https://p.scdn.co/mp3-preview/020c8f2e5fddb3135dd289e3f4507ad81cfca08e?cid=c0ef6b3167de4affb312e7fc7366abb4,6rsQnwaoJHxXJRCDBPkBRw,,
48ucaKjccruxDbi3Au5ZaH,The Bad Thing,https://p.scdn.co/mp3-preview/2f8c7742dd4aab7786d1101bf45a75bc76a93ce2?cid=c0ef6b3167de4affb312e7fc7366abb4,6rsQnwaoJHxXJRCDBPkBRw,,
3BcQFPRZuuUClWStz29WjN,Old Yellow Bricks,https://p.scdn.co/mp3-preview/04e385b58e648e71a44aa2dce2d4f2616cf26f48?cid=c0ef6b3167de4affb312e7fc7366abb4,6rsQnwaoJHxXJRCDBPkBRw,,
58ge6dfP91o9oXMzq3XkIS,505,https://p.scdn.co/mp3-preview/24ad19af2d5feeeb0048bff59b4096960b415848?cid=c0ef6b3167de4affb312e7fc7366abb4,6rsQnwaoJHxXJRCDBPkBRw,,
2KvhVhBR7MIMZUQNRBiY2k,Doll,https://p.scdn.co/mp3-preview/d691d166006216741f0f028481062a9efa803710?cid=c0ef6b3167de4affb312e7fc7366abb4,30ly6F6Xl0TKmyBCU50Khv,,
44wXefe8WB9Fd6xwtmAwbR,Monkey Wrench,https://p.scdn.co/mp3-preview/3f31f7aff62d944564cff30e1927bf94610c0bc1?cid=c0ef6b3167de4affb312e7fc7366abb4,30ly6F6Xl0TKmyBCU50Khv,,
0M5xRyxGpFFDfzN2x0wdpH,"Hey, Johnny Park!",https://p.scdn.co/mp3-preview/445efd09aae9ea87e627ba37c21df7fef2487ffb?cid=c0ef6b3167de4affb312e7fc7366abb4,30ly6F6Xl0TKmyBCU50Khv,,
3yIUusX4NApzRSAkxZFrJg,My Poor Brain,https://p.scdn.co/mp3-preview/b4030aa048c8e78fd5470581e1178358f1157044?cid=c0ef6b3167de4affb312e7fc7366abb4,30ly6F6Xl0TKmyBCU50Khv,,
56ucsSaTrjiQaokbbDASOR,Wind Up,https://p.scdn.co/mp3-preview/f3d1facb206a91b856317f4f2f35af28d33b0d58?cid=c0ef6b3167de4affb312e7fc7366abb4,30ly6F6Xl0TKmyBCU50Khv,,
05TcC5ZN9rp8Glx8A9C2Nd,Up In Arms,https://p.scdn.co/mp3-preview/f714c3c506c89b6210e0c99c024c9dcb2e513b09?cid=c0ef6b3167de4affb312e7fc7366abb4,30ly6F6Xl0TKmyBCU50Khv,,
4dVbhS6OiYvFikshyaQaCN,My Hero,https://p.scdn.co/mp3-preview/5ffdbc197d59a4bc15611a49ef51f23009432dbb?cid=c0ef6b3167de4affb312e7fc7366abb4,30ly6F6Xl0TKmyBCU50Khv,,
48PrL49eJ5P15yTxjK0oW6,See You,https://p.scdn.co/mp3-preview/e16b16fd050de81690e69f1af95c352787cdef52?cid=c0ef6b3167de4affb312e7fc7366abb4,30ly6F6Xl0TKmyBCU50Khv,,
4JWRyetq4ALHAXm9ByOOEg,Enough Space,https://p.scdn.co/mp3-preview/a04b833ac1346806b0719e8a915a5e0504e8dc8d?cid=c0ef6b3167de4affb312e7fc7366abb4,30ly6F6Xl0TKmyBCU50Khv,,
2ceA7CWWx6yIHdzppN8nLF,February Stars,https://p.scdn.co/mp3-preview/c28f5cb0e4087d311fa9e603f2687d38d6a3f4f1?cid=c0ef6b3167de4affb312e7fc7366abb4,30ly6F6Xl0TKmyBCU50Khv,,
5UWwZ5lm5PKu6eKsHAGxOk,Everlong,https://p.scdn.co/mp3-preview/78fd3872e0fa5940b2a36654f07f11e7119be4e2?cid=c0ef6b3167de4affb312e7fc7366abb4,30ly6F6Xl0TKmyBCU50Khv,,
7pS2OVdIWviLpz5GOtJLzz,Walking After You,https://p.scdn.co/mp3-preview/fc9d1889461b5543273da30e107cc7c34f42901d?cid=c0ef6b3167de4affb312e7fc7366abb4,30ly6F6Xl0TKmyBCU50Khv,,
44yHNmayqe7dI9fHjAYPCl,New Way Home,https://p.scdn.co/mp3-preview/5bed84f4629ddfd0a561c9d41e3cdce499b94787?cid=c0ef6b3167de4affb312e7fc7366abb4,30ly6F6Xl0TKmyBCU50Khv,,
4ZnD7qmpP3NWA1ctUzeUIw,The Colour And The Shape,https://p.scdn.co/mp3-preview/021807e95a5d1c52a4b64d83897380da01ce69a8?cid=c0ef6b3167de4affb312e7fc7366abb4,30ly6F6Xl0TKmyBCU50Khv,,
60eVCXFCuw1WYswBuNZc4H,Jenny Was A Friend Of Mine,,4piJq7R3gjUOxnYs6lDCTg,,
003vvx7Niy0yvhvHt4a68B,Mr. Brightside,,4piJq7R3gjUOxnYs6lDCTg,,
3KANrKOFYyAxfjQJHkgBdb,Smile Like You Mean It,,4piJq7R3gjUOxnYs6lDCTg,,
6PwjJ58I4t7Mae9xfZ9l9v,Somebody Told Me,,4piJq7R3gjUOxnYs6lDCTg,,
5vollujufHY0jMZxx77VWr,All These Things That I've Done,,4piJq7R3gjUOxnYs6lDCTg,,
6BnY0YochAURSXSR3d5N7O,"Andy, You're A Star",,4piJq7R3gjUOxnYs6lDCTg,,
3OMw6qj95yhfeqBIdL0c1g,On Top,,4piJq7R3gjUOxnYs6lDCTg,,
2N7TN76tLuTcdn9UlS8ADT,Change Your Mind,,4piJq7R3gjUOxnYs6lDCTg,,
7gS9H5JtkJZgUZBq5mWY4P,Believe Me Natalie,,4piJq7R3gjUOxnYs6lDCTg,,
4gAhDQjQT9rReQk5NoaiED,Midnight Show,,4piJq7R3gjUOxnYs6lDCTg,,
3nFhiJReGYBDoqArWW3p5e,Everything Will Be Alright,,4piJq7R3gjUOxnYs6lDCTg,,
0751ozQYIiLVQ9FRFhe55j,Glamorous Indie Rock & Roll,,4piJq7R3gjUOxnYs6lDCTg,,
5KZ0qobWEFl892YjIC02SE,You,https://p.scdn.co/mp3-preview/0a6ffcf8cec02596e866791d9e482c3427db56af?cid=c0ef6b3167de4affb312e7fc7366abb4,3gBVdu4a1MMJVMy6vwPEb8,,
70LcF31zb1H0PyJoS1Sx1r,Creep,https://p.scdn.co/mp3-preview/713b601d02641a850f2a3e6097aacaff52328d57?cid=c0ef6b3167de4affb312e7fc7366abb4,3gBVdu4a1MMJVMy6vwPEb8,,
5qsgK2wcodYCEbgbdCpYOG,How Do You?,https://p.scdn.co/mp3-preview/5f6c90e867b1426f604f9316f98852c8518b35f0?cid=c0ef6b3167de4affb312e7fc7366abb4,3gBVdu4a1MMJVMy6vwPEb8,,
3CbAW3GjkBKfErt4LLbSzr,Stop Whispering,https://p.scdn.co/mp3-preview/ead4f01e186aff269a16eaf31393752763f9f252?cid=c0ef6b3167de4affb312e7fc7366abb4,3gBVdu4a1MMJVMy6vwPEb8,,
46tfxn5lP7Qsbz7NHsj9iu,Thinking About You,https://p.scdn.co/mp3-preview/24dcc532d2c02965984129c35eb6fbb0593a275f?cid=c0ef6b3167de4affb312e7fc7366abb4,3gBVdu4a1MMJVMy6vwPEb8,,
23oUaizFBFVFI5PxJrkiO5,Anyone Can Play Guitar,https://p.scdn.co/mp3-preview/46fc77c3f803b204260cafdb2b76bd2e9fc77c41?cid=c0ef6b3167de4affb312e7fc7366abb4,3gBVdu4a1MMJVMy6vwPEb8,,
2wOvYLilnDJfuPXGHGFAWZ,Ripcord,https://p.scdn.co/mp3-preview/742c53acbb9b7f243531d0a75277cbeb1bd06931?cid=c0ef6b3167de4affb312e7fc7366abb4,3gBVdu4a1MMJVMy6vwPEb8,,
6HbWoyinLdXPZmk6xONuKw,Vegetable,https://p.scdn.co/mp3-preview/a2be98bd12b3082747b5505ea01f396e09a7c060?cid=c0ef6b3167de4affb312e7fc7366abb4,3gBVdu4a1MMJVMy6vwPEb8,,
0GDuL9TCO41PgsrKWBSGlm,Prove Yourself,https://p.scdn.co/mp3-preview/363607556664d4de3bf3616120cbd7491eecd06e?cid=c0ef6b3167de4affb312e7fc7366abb4,3gBVdu4a1MMJVMy6vwPEb8,,
13nQ70PnhDnTkYqCmdg3sy,I Can't,https://p.scdn.co/mp3-preview/0b1841ebbee3f8374a3565bfe3d6c4e46a6537b5?cid=c0ef6b3167de4affb312e7fc7366abb4,3gBVdu4a1MMJVMy6vwPEb8,,
30C1FoJzEhNUILsxghioGz,Lurgee,https://p.scdn.co/mp3-preview/5ef4e75533380cca6f86005def649227b3adf65a?cid=c0ef6b3167de4affb312e7fc7366abb4,3gBVdu4a1MMJVMy6vwPEb8,,
5XpcTQlNnfIQbiWE4hvYo7,Blow Out,https://p.scdn.co/mp3-preview/d029d49a2cbae210c9b415d015d4cc78e96fb9c3?cid=c0ef6b3167de4affb312e7fc7366abb4,3gBVdu4a1MMJVMy6vwPEb8,,
5FVd6KXrgO9B3JPmC8OPst,Do I Wanna Know?,https://p.scdn.co/mp3-preview/006bc465fe3d1c04dae93a050eca9d402a7322b8?cid=c0ef6b3167de4affb312e7fc7366abb4,78bpIziExqiI9qztvNFlQu,,
2AT8iROs4FQueDv2c8q2KE,R U Mine?,https://p.scdn.co/mp3-preview/d41c9b18f0787cc9b2ccea10740d92dd7e7f639a?cid=c0ef6b3167de4affb312e7fc7366abb4,78bpIziExqiI9qztvNFlQu,,
6wNUBZNWFxdUGof6vkaykE,One For The Road,https://p.scdn.co/mp3-preview/8ad968049796e1234d20eba15c62de83d188c9f0?cid=c0ef6b3167de4affb312e7fc7366abb4,78bpIziExqiI9qztvNFlQu,,
7nzsY8vlnKdvGOEE0rjAXZ,Arabella,https://p.scdn.co/mp3-preview/974bb8b08005bbc3c38a3b1389debf8e51fa1f20?cid=c0ef6b3167de4affb312e7fc7366abb4,78bpIziExqiI9qztvNFlQu,,
1j9rezdE3YeC7yktZXC1em,I Want It All,https://p.scdn.co/mp3-preview/350cfa8b115df3bf6a843c13635fe741247bb68f?cid=c0ef6b3167de4affb312e7fc7366abb4,78bpIziExqiI9qztvNFlQu,,
5TTGoX70AFrTvuEtqHK37S,No. 1 Party Anthem,https://p.scdn.co/mp3-preview/ba38bc9842d486d94889a7803367737dc011db7f?cid=c0ef6b3167de4affb312e7fc7366abb4,78bpIziExqiI9qztvNFlQu,,
75n7mraeMycQOl2sDGYaTe,Mad Sounds,https://p.scdn.co/mp3-preview/439a1d690e8ccf29e67a623da8affa8437cd3305?cid=c0ef6b3167de4affb312e7fc7366abb4,78bpIziExqiI9qztvNFlQu,,
4atMrAadB7dS8xn9vfk9PQ,Fireside,https://p.scdn.co/mp3-preview/9d8d30ca185e36269b78f26111074c4f10f3f57a?cid=c0ef6b3167de4affb312e7fc7366abb4,78bpIziExqiI9qztvNFlQu,,
086myS9r57YsLbJpU0TgK9,Why'd You Only Call Me When You're High?,https://p.scdn.co/mp3-preview/be5453a4763510679fab61e39662ab0257458be6?cid=c0ef6b3167de4affb312e7fc7366abb4,78bpIziExqiI9qztvNFlQu,,
0NdTUS4UiNYCNn5FgVqKQY,Snap Out Of It,https://p.scdn.co/mp3-preview/f2ab7daa4bbd9ad5889c0dda818c40fe60b66406?cid=c0ef6b3167de4affb312e7fc7366abb4,78bpIziExqiI9qztvNFlQu,,
2LGdO5MtFdyphi2EihANZG,Knee Socks,https://p.scdn.co/mp3-preview/1760b337ef613459a069b961a1bedf65b8c1bc3f?cid=c0ef6b3167de4affb312e7fc7366abb4,78bpIziExqiI9qztvNFlQu,,
5XeFesFbtLpXzIVDNQP22n,I Wanna Be Yours,https://p.scdn.co/mp3-preview/07de30bde8363d9ff78b72339245c151f67af451?cid=c0ef6b3167de4affb312e7fc7366abb4,78bpIziExqiI9qztvNFlQu,,
4h9wh7iOZ0GGn8QVp4RAOB,I Ain't Worried,,04PEOM6kIEeq9lRp1asNP2,,
6me7F0aaZjwDo6RJ5MrfBD,Evergreen,https://p.scdn.co/mp3-preview/fca7555fba8261b7ccc0aac1854a86033a12823b?cid=c0ef6b3167de4affb312e7fc7366abb4,2weOG4ZiOjfxiuFMsHm9JQ,,
4x1dWc1GgAfC04GcTlllax,Lake Missoula,https://p.scdn.co/mp3-preview/6b1d00bd4605d46ac324ca68cbcb499d667c6b0c?cid=c0ef6b3167de4affb312e7fc7366abb4,2weOG4ZiOjfxiuFMsHm9JQ,,
5FQAVPtRADIWBGZUu4K2dk,Lucerne,https://p.scdn.co/mp3-preview/880933f6b61ea8df213b09b14c327289d100bc10?cid=c0ef6b3167de4affb312e7fc7366abb4,2weOG4ZiOjfxiuFMsHm9JQ,,
6R9xqPHmheGIYxLdDvRdR1,Vista,https://p.scdn.co/mp3-preview/90aab68ded07894e5d6a20b95a798cf0749c0902?cid=c0ef6b3167de4affb312e7fc7366abb4,2weOG4ZiOjfxiuFMsHm9JQ,,
1ASBU8byOmHFR63uBQB6q7,Sweetwater,https://p.scdn.co/mp3-preview/5d8cde49af3a594ac662acf106c73782869668ee?cid=c0ef6b3167de4affb312e7fc7366abb4,2weOG4ZiOjfxiuFMsHm9JQ,,
4udxJC5otFPTdZaiNLcbw0,Alma//11542,https://p.scdn.co/mp3-preview/f7b54798e60f5fcdd3656f5f135f98ef56fed015?cid=c0ef6b3167de4affb312e7fc7366abb4,2weOG4ZiOjfxiuFMsHm9JQ,,
29jmagcZbBFFJ7jDcsbfCW,St.Paul,https://p.scdn.co/mp3-preview/9fb76a776914dcc98de84fad1f6bf767af5cec79?cid=c0ef6b3167de4affb312e7fc7366abb4,2weOG4ZiOjfxiuFMsHm9JQ,,
7KJgAXegEprJhtCiFMhmVK,Wind,https://p.scdn.co/mp3-preview/e64579cc83ff692f9f29973f4a3f2365d106d466?cid=c0ef6b3167de4affb312e7fc7366abb4,2weOG4ZiOjfxiuFMsHm9JQ,,
3jVJmngtf3CWnAY8qyHDhb,Fall of Fairbanks,https://p.scdn.co/mp3-preview/c1d2fd73ac9b902afd2374b20a61387957b95d1e?cid=c0ef6b3167de4affb312e7fc7366abb4,2weOG4ZiOjfxiuFMsHm9JQ,,
0uGXT9XZn6gmQA8Sq53zr2,Cairo - Feat. Noah Watts,https://p.scdn.co/mp3-preview/d1e875200b052141d83c5029ad907957bb905ca7?cid=c0ef6b3167de4affb312e7fc7366abb4,2weOG4ZiOjfxiuFMsHm9JQ,,
6E9zEEYPzSpkYBRnFPDYwi,Iodine,https://p.scdn.co/mp3-preview/dc3641cd8cbcb06ed2410bf0f649bb1b34e5a7dc?cid=c0ef6b3167de4affb312e7fc7366abb4,2weOG4ZiOjfxiuFMsHm9JQ,,
6yeFiaqEpwrB0yAfBakZkc,Vista - Live @ CC,https://p.scdn.co/mp3-preview/15b179712dd31d8fd6e85e2d67b7987b25ed23ca?cid=c0ef6b3167de4affb312e7fc7366abb4,2weOG4ZiOjfxiuFMsHm9JQ,,
7cbxiLVV6PyHbqnvxGIvMK,Porcelain,https://p.scdn.co/mp3-preview/884477c0cb0f1b93b74ac4abbced601bc979c2f0?cid=c0ef6b3167de4affb312e7fc7366abb4,2weOG4ZiOjfxiuFMsHm9JQ,,
62PCV9ANdpPd9FhWgNljeW,Sage,https://p.scdn.co/mp3-preview/1bbfe330b5112380426826fe473d7419a73769f6?cid=c0ef6b3167de4affb312e7fc7366abb4,2weOG4ZiOjfxiuFMsHm9JQ,,
2X485T9Z5Ly0xyaghN73ed,Let It Happen,,79dL7FLiJFOO0EoehUHQBv,,
1cCbsojaA6GIT7Y3zuMJ1q,Nangs,,79dL7FLiJFOO0EoehUHQBv,,
1UYj8qTWjneZJDVjUMwMub,The Moment,,79dL7FLiJFOO0EoehUHQBv,,
0xtIp0lgccN85GfGOekS5L,Yes I'm Changing,,79dL7FLiJFOO0EoehUHQBv,,
5M4yti0QxgqJieUYaEXcpw,Eventually,,79dL7FLiJFOO0EoehUHQBv,,
79chzfFIIq7cHkqcYYORk0,Gossip,,79dL7FLiJFOO0EoehUHQBv,,
6K4t31amVTZDgR3sKmwUJJ,The Less I Know The Better,,79dL7FLiJFOO0EoehUHQBv,,
4a9fW33mYR8LhXBOLUhbfF,Past Life,,79dL7FLiJFOO0EoehUHQBv,,
2gNfxysfBRfl9Lvi9T3v6R,Disciples,,79dL7FLiJFOO0EoehUHQBv,,
2O99aywAVBhaPrsiJ6zbSS,'Cause I'm A Man,,79dL7FLiJFOO0EoehUHQBv,,
3I7OmVsk4Hm5LBbs2GmhlD,Reality In Motion,,79dL7FLiJFOO0EoehUHQBv,,
5h9hkYIBWTZYFRmF6Iz1gt,Love/Paranoia,,79dL7FLiJFOO0EoehUHQBv,,
52ojopYMUzeNcudsoz7O9D,"New Person, Same Old Mistakes",,79dL7FLiJFOO0EoehUHQBv,,
61XspFITuKmAlYdQacNCbF,Bleed American,,0UJhhj5bn5AGAjryFnhueP,,
0n7d3no0cHnsnkgfFzDuj4,A Praise Chorus,,0UJhhj5bn5AGAjryFnhueP,,
6GG73Jik4jUlQCkKg9JuGO,The Middle,,0UJhhj5bn5AGAjryFnhueP,,
2AYVRHuzCRn0eZipEZX4EP,Your House,,0UJhhj5bn5AGAjryFnhueP,,
429IbFR4yp2J81CeTwF5iY,Sweetness,,0UJhhj5bn5AGAjryFnhueP,,
1TvNcWY7WwPLQINhimxycA,Hear You Me,,0UJhhj5bn5AGAjryFnhueP,,
5prYdqVZFzoOBj33WFTdJu,"If You Don't, Don't",,0UJhhj5bn5AGAjryFnhueP,,
07Bw7ACBw1xzhKpXrraskA,Get It Faster,,0UJhhj5bn5AGAjryFnhueP,,
7pyt9J4sp3cDgI0xkGrRiN,Cautioners,,0UJhhj5bn5AGAjryFnhueP,,
7gAw3OKcrfeRWOFxWs7wgK,The Authority Song,,0UJhhj5bn5AGAjryFnhueP,,
7Jxz80MpbvTsrW8EttiaY0,My Sundown,,0UJhhj5bn5AGAjryFnhueP,,
